candidate_id,direction,content_class,style_class,content_index,style_index,style_crop,slot,review_status,pixel_standard_deviation,visual_review_status,rejection_reason,selection_status,selection_reason
bird_to_cat_00,bird_to_cat,bird,cat,2687,89,"[0.18, 0.12, 0.88, 0.88]",0,pending,0.2464489459706329,accepted,,selected,human_accepted_before_model_evaluation
bird_to_cat_01,bird_to_cat,bird,cat,6169,89,"[0.18, 0.12, 0.88, 0.88]",1,pending,0.25105305848447784,rejected,reviewer_rejected_unspecified,not_selected,human_rejected_before_model_evaluation
bird_to_cat_02,bird_to_cat,bird,cat,3079,89,"[0.18, 0.12, 0.88, 0.88]",2,pending,0.23036478734272892,accepted,,selected,human_accepted_before_model_evaluation
bird_to_cat_03,bird_to_cat,bird,cat,2690,89,"[0.18, 0.12, 0.88, 0.88]",3,pending,0.2343322646535974,accepted,,selected,human_accepted_before_model_evaluation
bird_to_cat_04,bird_to_cat,bird,cat,7033,89,"[0.18, 0.12, 0.88, 0.88]",4,pending,0.20283582599503605,rejected,reviewer_rejected_unspecified,not_selected,human_rejected_before_model_evaluation
bird_to_cat_05,bird_to_cat,bird,cat,3491,89,"[0.18, 0.12, 0.88, 0.88]",5,pending,0.2245852412784582,accepted,,selected,human_accepted_before_model_evaluation
bird_to_cat_06,bird_to_cat,bird,cat,825,89,"[0.18, 0.12, 0.88, 0.88]",6,pending,0.23280332509114654,accepted,,selected,human_accepted_before_model_evaluation
bird_to_cat_07,bird_to_cat,bird,cat,1230,89,"[0.18, 0.12, 0.88, 0.88]",7,pending,0.27499924492000966,accepted,,selected,human_accepted_before_model_evaluation
bird_to_cat_08,bird_to_cat,bird,cat,6938,89,"[0.18, 0.12, 0.88, 0.88]",8,pending,0.2559879281694712,accepted,,selected,human_accepted_before_model_evaluation
bird_to_cat_09,bird_to_cat,bird,cat,3413,89,"[0.18, 0.12, 0.88, 0.88]",9,pending,0.23025591675877324,accepted,,selected,human_accepted_before_model_evaluation
bird_to_cat_10,bird_to_cat,bird,cat,7202,89,"[0.18, 0.12, 0.88, 0.88]",10,pending,0.2476297114218846,accepted,,selected,human_accepted_before_model_evaluation
bird_to_cat_11,bird_to_cat,bird,cat,1852,89,"[0.18, 0.12, 0.88, 0.88]",11,pending,0.21680646676523666,accepted,,selected,human_accepted_before_model_evaluation
bird_to_cat_12,bird_to_cat,bird,cat,7029,89,"[0.18, 0.12, 0.88, 0.88]",12,pending,0.250781225429117,accepted,,selected,human_accepted_before_model_evaluation
bird_to_cat_13,bird_to_cat,bird,cat,304,89,"[0.18, 0.12, 0.88, 0.88]",13,pending,0.21286999378973578,rejected,reviewer_rejected_unspecified,not_selected,human_rejected_before_model_evaluation
bird_to_cat_14,bird_to_cat,bird,cat,198,89,"[0.18, 0.12, 0.88, 0.88]",14,pending,0.28878882571733183,accepted,,selected,human_accepted_before_model_evaluation
bird_to_cat_15,bird_to_cat,bird,cat,5220,89,"[0.18, 0.12, 0.88, 0.88]",15,pending,0.26283746407248365,rejected,reviewer_rejected_unspecified,not_selected,human_rejected_before_model_evaluation
bird_to_cat_16,bird_to_cat,bird,cat,4640,89,"[0.18, 0.12, 0.88, 0.88]",16,pending,0.23257648752948915,accepted,,selected,human_accepted_before_model_evaluation
bird_to_cat_17,bird_to_cat,bird,cat,5092,89,"[0.18, 0.12, 0.88, 0.88]",17,pending,0.23676968513438,accepted,,selected,human_accepted_before_model_evaluation
bird_to_cat_18,bird_to_cat,bird,cat,1090,89,"[0.18, 0.12, 0.88, 0.88]",18,pending,0.25204893967617253,accepted,,selected,human_accepted_before_model_evaluation
bird_to_cat_19,bird_to_cat,bird,cat,1986,89,"[0.18, 0.12, 0.88, 0.88]",19,pending,0.244980280760394,accepted,,selected,human_accepted_before_model_evaluation
bird_to_cat_20,bird_to_cat,bird,cat,95,89,"[0.18, 0.12, 0.88, 0.88]",20,pending,0.24689801552190424,accepted,,selected,human_accepted_before_model_evaluation
bird_to_cat_21,bird_to_cat,bird,cat,1436,89,"[0.18, 0.12, 0.88, 0.88]",21,pending,0.22027094205697864,accepted,,selected,human_accepted_before_model_evaluation
bird_to_cat_22,bird_to_cat,bird,cat,116,89,"[0.18, 0.12, 0.88, 0.88]",22,pending,0.2715588633079104,accepted,,selected,human_accepted_before_model_evaluation
bird_to_cat_23,bird_to_cat,bird,cat,5123,89,"[0.18, 0.12, 0.88, 0.88]",23,pending,0.22054681189015846,rejected,reviewer_rejected_unspecified,not_selected,human_rejected_before_model_evaluation
bird_to_cat_24,bird_to_cat,bird,cat,1993,89,"[0.18, 0.12, 0.88, 0.88]",24,pending,0.22093102901019523,accepted,,selected,human_accepted_before_model_evaluation
bird_to_dog_00,bird_to_dog,bird,dog,5123,113,"[0.18, 0.1, 0.88, 0.9]",0,pending,0.176245434621036,accepted,,selected,human_accepted_before_model_evaluation
bird_to_dog_01,bird_to_dog,bird,dog,1230,113,"[0.18, 0.1, 0.88, 0.9]",1,pending,0.21725370059028273,accepted,,selected,human_accepted_before_model_evaluation
bird_to_dog_02,bird_to_dog,bird,dog,3079,113,"[0.18, 0.1, 0.88, 0.9]",2,pending,0.1701739034658034,rejected,reviewer_rejected_unspecified,not_selected,human_rejected_before_model_evaluation
bird_to_dog_03,bird_to_dog,bird,dog,2116,113,"[0.18, 0.1, 0.88, 0.9]",3,pending,0.1751330885551008,accepted,,selected,human_accepted_before_model_evaluation
bird_to_dog_04,bird_to_dog,bird,dog,2157,113,"[0.18, 0.1, 0.88, 0.9]",4,pending,0.20242021535109497,accepted,,selected,human_accepted_before_model_evaluation
bird_to_dog_05,bird_to_dog,bird,dog,5256,113,"[0.18, 0.1, 0.88, 0.9]",5,pending,0.1671549296661495,accepted,,selected,human_accepted_before_model_evaluation
bird_to_dog_06,bird_to_dog,bird,dog,95,113,"[0.18, 0.1, 0.88, 0.9]",6,pending,0.18035716748531813,accepted,,selected,human_accepted_before_model_evaluation
bird_to_dog_07,bird_to_dog,bird,dog,4640,113,"[0.18, 0.1, 0.88, 0.9]",7,pending,0.1853047297604205,rejected,reviewer_rejected_unspecified,not_selected,human_rejected_before_model_evaluation
bird_to_dog_08,bird_to_dog,bird,dog,261,113,"[0.18, 0.1, 0.88, 0.9]",8,pending,0.1842455840441146,accepted,,selected,human_accepted_before_model_evaluation
bird_to_dog_09,bird_to_dog,bird,dog,2690,113,"[0.18, 0.1, 0.88, 0.9]",9,pending,0.18405495790291337,rejected,reviewer_rejected_unspecified,not_selected,human_rejected_before_model_evaluation
bird_to_dog_10,bird_to_dog,bird,dog,304,113,"[0.18, 0.1, 0.88, 0.9]",10,pending,0.16239274753051852,rejected,reviewer_rejected_unspecified,not_selected,human_rejected_before_model_evaluation
bird_to_dog_11,bird_to_dog,bird,dog,1115,113,"[0.18, 0.1, 0.88, 0.9]",11,pending,0.21494841953380533,accepted,,selected,human_accepted_before_model_evaluation
bird_to_dog_12,bird_to_dog,bird,dog,1109,113,"[0.18, 0.1, 0.88, 0.9]",12,pending,0.18966311912451758,accepted,,selected,human_accepted_before_model_evaluation
bird_to_dog_13,bird_to_dog,bird,dog,7033,113,"[0.18, 0.1, 0.88, 0.9]",13,pending,0.14516491061773854,rejected,reviewer_rejected_unspecified,not_selected,human_rejected_before_model_evaluation
bird_to_dog_14,bird_to_dog,bird,dog,2095,113,"[0.18, 0.1, 0.88, 0.9]",14,pending,0.1840942504811015,accepted,,selected,human_accepted_before_model_evaluation
bird_to_dog_15,bird_to_dog,bird,dog,116,113,"[0.18, 0.1, 0.88, 0.9]",15,pending,0.20525294817139525,accepted,,selected,human_accepted_before_model_evaluation
bird_to_dog_16,bird_to_dog,bird,dog,4298,113,"[0.18, 0.1, 0.88, 0.9]",16,pending,0.1595729565840823,accepted,,selected,human_accepted_before_model_evaluation
bird_to_dog_17,bird_to_dog,bird,dog,7029,113,"[0.18, 0.1, 0.88, 0.9]",17,pending,0.1967251409817069,accepted,,selected,human_accepted_before_model_evaluation
bird_to_dog_18,bird_to_dog,bird,dog,198,113,"[0.18, 0.1, 0.88, 0.9]",18,pending,0.2342409595983184,accepted,,selected,human_accepted_before_model_evaluation
bird_to_dog_19,bird_to_dog,bird,dog,5488,113,"[0.18, 0.1, 0.88, 0.9]",19,pending,0.2190242993393123,accepted,,selected,human_accepted_before_model_evaluation
bird_to_dog_20,bird_to_dog,bird,dog,1871,113,"[0.18, 0.1, 0.88, 0.9]",20,pending,0.18917997204773457,accepted,,selected,human_accepted_before_model_evaluation
bird_to_dog_21,bird_to_dog,bird,dog,2070,113,"[0.18, 0.1, 0.88, 0.9]",21,pending,0.17070073936950617,accepted,,selected,human_accepted_before_model_evaluation
bird_to_dog_22,bird_to_dog,bird,dog,3550,113,"[0.18, 0.1, 0.88, 0.9]",22,pending,0.18565464554024116,accepted,,selected,human_accepted_before_model_evaluation
bird_to_dog_23,bird_to_dog,bird,dog,6733,113,"[0.18, 0.1, 0.88, 0.9]",23,pending,0.16211570513294257,accepted,,selected,human_accepted_before_model_evaluation
bird_to_dog_24,bird_to_dog,bird,dog,7390,113,"[0.18, 0.1, 0.88, 0.9]",24,pending,0.18147241393047897,accepted,,selected,human_accepted_before_model_evaluation
cat_to_bird_00,cat_to_bird,cat,bird,7744,21,"[0.2, 0.05, 0.85, 0.9]",0,pending,0.26850857940022954,accepted,,selected,human_accepted_before_model_evaluation
cat_to_bird_01,cat_to_bird,cat,bird,5528,21,"[0.2, 0.05, 0.85, 0.9]",1,pending,0.274357168487306,rejected,reviewer_rejected_unspecified,not_selected,human_rejected_before_model_evaluation
cat_to_bird_02,cat_to_bird,cat,bird,1431,21,"[0.2, 0.05, 0.85, 0.9]",2,pending,0.2812473989771981,accepted,,selected,human_accepted_before_model_evaluation
cat_to_bird_03,cat_to_bird,cat,bird,4881,21,"[0.2, 0.05, 0.85, 0.9]",3,pending,0.2364380840758938,rejected,reviewer_rejected_unspecified,not_selected,human_rejected_before_model_evaluation
cat_to_bird_04,cat_to_bird,cat,bird,4215,21,"[0.2, 0.05, 0.85, 0.9]",4,pending,0.2667826626213857,rejected,reviewer_rejected_unspecified,not_selected,human_rejected_before_model_evaluation
cat_to_bird_05,cat_to_bird,cat,bird,7793,21,"[0.2, 0.05, 0.85, 0.9]",5,pending,0.2887722444260252,accepted,,selected,human_accepted_before_model_evaluation
cat_to_bird_06,cat_to_bird,cat,bird,979,21,"[0.2, 0.05, 0.85, 0.9]",6,pending,0.28492277051476095,accepted,,selected,human_accepted_before_model_evaluation
cat_to_bird_07,cat_to_bird,cat,bird,4463,21,"[0.2, 0.05, 0.85, 0.9]",7,pending,0.2539773713331177,accepted,,selected,human_accepted_before_model_evaluation
cat_to_bird_08,cat_to_bird,cat,bird,2754,21,"[0.2, 0.05, 0.85, 0.9]",8,pending,0.2768076018116944,accepted,,selected,human_accepted_before_model_evaluation
cat_to_bird_09,cat_to_bird,cat,bird,1204,21,"[0.2, 0.05, 0.85, 0.9]",9,pending,0.26615575464922725,accepted,,selected,human_accepted_before_model_evaluation
cat_to_bird_10,cat_to_bird,cat,bird,4023,21,"[0.2, 0.05, 0.85, 0.9]",10,pending,0.25093355726487765,accepted,,selected,human_accepted_before_model_evaluation
cat_to_bird_11,cat_to_bird,cat,bird,4168,21,"[0.2, 0.05, 0.85, 0.9]",11,pending,0.3027002087424688,rejected,reviewer_rejected_unspecified,not_selected,human_rejected_before_model_evaluation
cat_to_bird_12,cat_to_bird,cat,bird,4323,21,"[0.2, 0.05, 0.85, 0.9]",12,pending,0.2747496833304271,accepted,,selected,human_accepted_before_model_evaluation
cat_to_bird_13,cat_to_bird,cat,bird,4821,21,"[0.2, 0.05, 0.85, 0.9]",13,pending,0.2546627049030796,accepted,,selected,human_accepted_before_model_evaluation
cat_to_bird_14,cat_to_bird,cat,bird,1263,21,"[0.2, 0.05, 0.85, 0.9]",14,pending,0.2461579567660801,accepted,,selected,human_accepted_before_model_evaluation
cat_to_bird_15,cat_to_bird,cat,bird,2539,21,"[0.2, 0.05, 0.85, 0.9]",15,pending,0.24716420022082874,accepted,,selected,human_accepted_before_model_evaluation
cat_to_bird_16,cat_to_bird,cat,bird,4908,21,"[0.2, 0.05, 0.85, 0.9]",16,pending,0.23086238116078098,accepted,,selected,human_accepted_before_model_evaluation
cat_to_bird_17,cat_to_bird,cat,bird,372,21,"[0.2, 0.05, 0.85, 0.9]",17,pending,0.2867261347857547,rejected,reviewer_rejected_unspecified,not_selected,human_rejected_before_model_evaluation
cat_to_bird_18,cat_to_bird,cat,bird,1401,21,"[0.2, 0.05, 0.85, 0.9]",18,pending,0.2462528369682837,accepted,,selected,human_accepted_before_model_evaluation
cat_to_bird_19,cat_to_bird,cat,bird,4531,21,"[0.2, 0.05, 0.85, 0.9]",19,pending,0.23754746133323157,accepted,,selected,human_accepted_before_model_evaluation
cat_to_bird_20,cat_to_bird,cat,bird,365,21,"[0.2, 0.05, 0.85, 0.9]",20,pending,0.2538974293416038,accepted,,selected,human_accepted_before_model_evaluation
cat_to_bird_21,cat_to_bird,cat,bird,791,21,"[0.2, 0.05, 0.85, 0.9]",21,pending,0.2833552338829434,accepted,,selected,human_accepted_before_model_evaluation
cat_to_bird_22,cat_to_bird,cat,bird,1370,21,"[0.2, 0.05, 0.85, 0.9]",22,pending,0.25801496499684007,accepted,,selected,human_accepted_before_model_evaluation
cat_to_bird_23,cat_to_bird,cat,bird,672,21,"[0.2, 0.05, 0.85, 0.9]",23,pending,0.2521617444968126,accepted,,selected,human_accepted_before_model_evaluation
cat_to_bird_24,cat_to_bird,cat,bird,1563,21,"[0.2, 0.05, 0.85, 0.9]",24,pending,0.2643358359533667,accepted,,selected,human_accepted_before_model_evaluation
cat_to_dog_00,cat_to_dog,cat,dog,2536,113,"[0.18, 0.1, 0.88, 0.9]",0,pending,0.16066535417532782,accepted,,selected,human_accepted_before_model_evaluation
cat_to_dog_01,cat_to_dog,cat,dog,1431,113,"[0.18, 0.1, 0.88, 0.9]",1,pending,0.23229636907513268,accepted,,selected,human_accepted_before_model_evaluation
cat_to_dog_02,cat_to_dog,cat,dog,2028,113,"[0.18, 0.1, 0.88, 0.9]",2,pending,0.19399197161277018,accepted,,selected,human_accepted_before_model_evaluation
cat_to_dog_03,cat_to_dog,cat,dog,6952,113,"[0.18, 0.1, 0.88, 0.9]",3,pending,0.2083330138814018,accepted,,selected,human_accepted_before_model_evaluation
cat_to_dog_04,cat_to_dog,cat,dog,3778,113,"[0.18, 0.1, 0.88, 0.9]",4,pending,0.18887025964002183,accepted,,selected,human_accepted_before_model_evaluation
cat_to_dog_05,cat_to_dog,cat,dog,4821,113,"[0.18, 0.1, 0.88, 0.9]",5,pending,0.1967195970401497,accepted,,selected,human_accepted_before_model_evaluation
cat_to_dog_06,cat_to_dog,cat,dog,4908,113,"[0.18, 0.1, 0.88, 0.9]",6,pending,0.1512829329727481,accepted,,selected,human_accepted_before_model_evaluation
cat_to_dog_07,cat_to_dog,cat,dog,632,113,"[0.18, 0.1, 0.88, 0.9]",7,pending,0.19998184371121366,accepted,,selected,human_accepted_before_model_evaluation
cat_to_dog_08,cat_to_dog,cat,dog,3851,113,"[0.18, 0.1, 0.88, 0.9]",8,pending,0.1869077393268829,accepted,,selected,human_accepted_before_model_evaluation
cat_to_dog_09,cat_to_dog,cat,dog,4590,113,"[0.18, 0.1, 0.88, 0.9]",9,pending,0.1750101129696748,accepted,,selected,human_accepted_before_model_evaluation
cat_to_dog_10,cat_to_dog,cat,dog,1401,113,"[0.18, 0.1, 0.88, 0.9]",10,pending,0.1945533851895609,accepted,,selected,human_accepted_before_model_evaluation
cat_to_dog_11,cat_to_dog,cat,dog,3276,113,"[0.18, 0.1, 0.88, 0.9]",11,pending,0.18576492523696533,rejected,reviewer_rejected_unspecified,not_selected,human_rejected_before_model_evaluation
cat_to_dog_12,cat_to_dog,cat,dog,176,113,"[0.18, 0.1, 0.88, 0.9]",12,pending,0.19537390191761347,accepted,,selected,human_accepted_before_model_evaluation
cat_to_dog_13,cat_to_dog,cat,dog,4881,113,"[0.18, 0.1, 0.88, 0.9]",13,pending,0.17214314845073972,rejected,reviewer_rejected_unspecified,not_selected,human_rejected_before_model_evaluation
cat_to_dog_14,cat_to_dog,cat,dog,4215,113,"[0.18, 0.1, 0.88, 0.9]",14,pending,0.19944534877642134,rejected,reviewer_rejected_unspecified,not_selected,human_rejected_before_model_evaluation
cat_to_dog_15,cat_to_dog,cat,dog,4330,113,"[0.18, 0.1, 0.88, 0.9]",15,pending,0.18994389982977414,rejected,reviewer_rejected_unspecified,not_selected,human_rejected_before_model_evaluation
cat_to_dog_16,cat_to_dog,cat,dog,3562,113,"[0.18, 0.1, 0.88, 0.9]",16,pending,0.18035469739972235,accepted,,selected,human_accepted_before_model_evaluation
cat_to_dog_17,cat_to_dog,cat,dog,2291,113,"[0.18, 0.1, 0.88, 0.9]",17,pending,0.16460909758069114,rejected,reviewer_rejected_unspecified,not_selected,human_rejected_before_model_evaluation
cat_to_dog_18,cat_to_dog,cat,dog,4463,113,"[0.18, 0.1, 0.88, 0.9]",18,pending,0.19300299479440097,accepted,,selected,human_accepted_before_model_evaluation
cat_to_dog_19,cat_to_dog,cat,dog,979,113,"[0.18, 0.1, 0.88, 0.9]",19,pending,0.21983330069662477,accepted,,selected,human_accepted_before_model_evaluation
cat_to_dog_20,cat_to_dog,cat,dog,4531,113,"[0.18, 0.1, 0.88, 0.9]",20,pending,0.1755012368902555,accepted,,selected,human_accepted_before_model_evaluation
cat_to_dog_21,cat_to_dog,cat,dog,738,113,"[0.18, 0.1, 0.88, 0.9]",21,pending,0.1886296329740321,accepted,,selected,human_accepted_before_model_evaluation
cat_to_dog_22,cat_to_dog,cat,dog,1263,113,"[0.18, 0.1, 0.88, 0.9]",22,pending,0.18620370711959702,accepted,,selected,human_accepted_before_model_evaluation
cat_to_dog_23,cat_to_dog,cat,dog,4609,113,"[0.18, 0.1, 0.88, 0.9]",23,pending,0.1999929310486022,accepted,,selected,human_accepted_before_model_evaluation
cat_to_dog_24,cat_to_dog,cat,dog,3375,113,"[0.18, 0.1, 0.88, 0.9]",24,pending,0.1843683659393603,accepted,,selected,human_accepted_before_model_evaluation
deer_to_horse_00,deer_to_horse,deer,horse,3458,48,"[0.18, 0.18, 0.88, 0.92]",0,pending,0.15130908255435316,accepted,,selected,human_accepted_before_model_evaluation
deer_to_horse_01,deer_to_horse,deer,horse,766,48,"[0.18, 0.18, 0.88, 0.92]",1,pending,0.16941295669715437,rejected,reviewer_rejected_unspecified,not_selected,human_rejected_before_model_evaluation
deer_to_horse_02,deer_to_horse,deer,horse,3179,48,"[0.18, 0.18, 0.88, 0.92]",2,pending,0.18487079953986918,accepted,,selected,human_accepted_before_model_evaluation
deer_to_horse_03,deer_to_horse,deer,horse,5135,48,"[0.18, 0.18, 0.88, 0.92]",3,pending,0.21848514341283579,accepted,,selected,human_accepted_before_model_evaluation
deer_to_horse_04,deer_to_horse,deer,horse,6033,48,"[0.18, 0.18, 0.88, 0.92]",4,pending,0.16323608982326732,rejected,reviewer_rejected_unspecified,not_selected,human_rejected_before_model_evaluation
deer_to_horse_05,deer_to_horse,deer,horse,691,48,"[0.18, 0.18, 0.88, 0.92]",5,pending,0.14723855107901573,accepted,,selected,human_accepted_before_model_evaluation
deer_to_horse_06,deer_to_horse,deer,horse,506,48,"[0.18, 0.18, 0.88, 0.92]",6,pending,0.15145010655658428,accepted,,selected,human_accepted_before_model_evaluation
deer_to_horse_07,deer_to_horse,deer,horse,5623,48,"[0.18, 0.18, 0.88, 0.92]",7,pending,0.16212124763855484,accepted,,selected,human_accepted_before_model_evaluation
deer_to_horse_08,deer_to_horse,deer,horse,6288,48,"[0.18, 0.18, 0.88, 0.92]",8,pending,0.1256208504043121,accepted,,selected,human_accepted_before_model_evaluation
deer_to_horse_09,deer_to_horse,deer,horse,1960,48,"[0.18, 0.18, 0.88, 0.92]",9,pending,0.14818074248373847,accepted,,selected,human_accepted_before_model_evaluation
deer_to_horse_10,deer_to_horse,deer,horse,5062,48,"[0.18, 0.18, 0.88, 0.92]",10,pending,0.16741933107433724,accepted,,selected,human_accepted_before_model_evaluation
deer_to_horse_11,deer_to_horse,deer,horse,3994,48,"[0.18, 0.18, 0.88, 0.92]",11,pending,0.159499072027679,accepted,,selected,human_accepted_before_model_evaluation
deer_to_horse_12,deer_to_horse,deer,horse,7944,48,"[0.18, 0.18, 0.88, 0.92]",12,pending,0.14561095541963498,rejected,reviewer_rejected_unspecified,not_selected,human_rejected_before_model_evaluation
deer_to_horse_13,deer_to_horse,deer,horse,7692,48,"[0.18, 0.18, 0.88, 0.92]",13,pending,0.14859317400190156,rejected,reviewer_rejected_unspecified,not_selected,human_rejected_before_model_evaluation
deer_to_horse_14,deer_to_horse,deer,horse,171,48,"[0.18, 0.18, 0.88, 0.92]",14,pending,0.16479496965417545,accepted,,selected,human_accepted_before_model_evaluation
deer_to_horse_15,deer_to_horse,deer,horse,7864,48,"[0.18, 0.18, 0.88, 0.92]",15,pending,0.1374169210829791,accepted,,selected,human_accepted_before_model_evaluation
deer_to_horse_16,deer_to_horse,deer,horse,1211,48,"[0.18, 0.18, 0.88, 0.92]",16,pending,0.19197334354041065,accepted,,selected,human_accepted_before_model_evaluation
deer_to_horse_17,deer_to_horse,deer,horse,7940,48,"[0.18, 0.18, 0.88, 0.92]",17,pending,0.1986051332974976,accepted,,selected,human_accepted_before_model_evaluation
deer_to_horse_18,deer_to_horse,deer,horse,7475,48,"[0.18, 0.18, 0.88, 0.92]",18,pending,0.1786089235485673,accepted,,selected,human_accepted_before_model_evaluation
deer_to_horse_19,deer_to_horse,deer,horse,2704,48,"[0.18, 0.18, 0.88, 0.92]",19,pending,0.23214640751586516,accepted,,selected,human_accepted_before_model_evaluation
deer_to_horse_20,deer_to_horse,deer,horse,1429,48,"[0.18, 0.18, 0.88, 0.92]",20,pending,0.181325444599356,rejected,reviewer_rejected_unspecified,not_selected,human_rejected_before_model_evaluation
deer_to_horse_21,deer_to_horse,deer,horse,4642,48,"[0.18, 0.18, 0.88, 0.92]",21,pending,0.1499750431171177,accepted,,selected,human_accepted_before_model_evaluation
deer_to_horse_22,deer_to_horse,deer,horse,2399,48,"[0.18, 0.18, 0.88, 0.92]",22,pending,0.15255269727972923,accepted,,selected,human_accepted_before_model_evaluation
deer_to_horse_23,deer_to_horse,deer,horse,5467,48,"[0.18, 0.18, 0.88, 0.92]",23,pending,0.18339251358447492,accepted,,selected,human_accepted_before_model_evaluation
deer_to_horse_24,deer_to_horse,deer,horse,6508,48,"[0.18, 0.18, 0.88, 0.92]",24,pending,0.1410072272711569,accepted,,selected,human_accepted_before_model_evaluation
dog_to_bird_00,dog_to_bird,dog,bird,1095,21,"[0.2, 0.05, 0.85, 0.9]",0,pending,0.24479817177833904,accepted,,selected,human_accepted_before_model_evaluation
dog_to_bird_01,dog_to_bird,dog,bird,378,21,"[0.2, 0.05, 0.85, 0.9]",1,pending,0.2843371654418244,accepted,,selected,human_accepted_before_model_evaluation
dog_to_bird_02,dog_to_bird,dog,bird,4850,21,"[0.2, 0.05, 0.85, 0.9]",2,pending,0.26559903361051085,accepted,,selected,human_accepted_before_model_evaluation
dog_to_bird_03,dog_to_bird,dog,bird,7776,21,"[0.2, 0.05, 0.85, 0.9]",3,pending,0.2568281331763601,accepted,,selected,human_accepted_before_model_evaluation
dog_to_bird_04,dog_to_bird,dog,bird,7041,21,"[0.2, 0.05, 0.85, 0.9]",4,pending,0.28097103329141665,rejected,reviewer_rejected_unspecified,not_selected,human_rejected_before_model_evaluation
dog_to_bird_05,dog_to_bird,dog,bird,2427,21,"[0.2, 0.05, 0.85, 0.9]",5,pending,0.26520692699946075,accepted,,selected,human_accepted_before_model_evaluation
dog_to_bird_06,dog_to_bird,dog,bird,1626,21,"[0.2, 0.05, 0.85, 0.9]",6,pending,0.2417818977552397,accepted,,selected,human_accepted_before_model_evaluation
dog_to_bird_07,dog_to_bird,dog,bird,2334,21,"[0.2, 0.05, 0.85, 0.9]",7,pending,0.25599926115726385,accepted,,selected,human_accepted_before_model_evaluation
dog_to_bird_08,dog_to_bird,dog,bird,2458,21,"[0.2, 0.05, 0.85, 0.9]",8,pending,0.2862098373915634,accepted,,selected,human_accepted_before_model_evaluation
dog_to_bird_09,dog_to_bird,dog,bird,3353,21,"[0.2, 0.05, 0.85, 0.9]",9,pending,0.2879515992415672,rejected,reviewer_rejected_unspecified,not_selected,human_rejected_before_model_evaluation
dog_to_bird_10,dog_to_bird,dog,bird,7474,21,"[0.2, 0.05, 0.85, 0.9]",10,pending,0.264166399966468,accepted,,selected,human_accepted_before_model_evaluation
dog_to_bird_11,dog_to_bird,dog,bird,1877,21,"[0.2, 0.05, 0.85, 0.9]",11,pending,0.26234177859175345,rejected,reviewer_rejected_unspecified,not_selected,human_rejected_before_model_evaluation
dog_to_bird_12,dog_to_bird,dog,bird,97,21,"[0.2, 0.05, 0.85, 0.9]",12,pending,0.284532313953938,accepted,,selected,human_accepted_before_model_evaluation
dog_to_bird_13,dog_to_bird,dog,bird,7413,21,"[0.2, 0.05, 0.85, 0.9]",13,pending,0.29368044413672834,accepted,,selected,human_accepted_before_model_evaluation
dog_to_bird_14,dog_to_bird,dog,bird,2265,21,"[0.2, 0.05, 0.85, 0.9]",14,pending,0.24920161374316335,accepted,,selected,human_accepted_before_model_evaluation
dog_to_bird_15,dog_to_bird,dog,bird,4106,21,"[0.2, 0.05, 0.85, 0.9]",15,pending,0.24770501013387353,accepted,,selected,human_accepted_before_model_evaluation
dog_to_bird_16,dog_to_bird,dog,bird,2391,21,"[0.2, 0.05, 0.85, 0.9]",16,pending,0.25881893511248305,accepted,,selected,human_accepted_before_model_evaluation
dog_to_bird_17,dog_to_bird,dog,bird,4547,21,"[0.2, 0.05, 0.85, 0.9]",17,pending,0.25372397684072545,accepted,,selected,human_accepted_before_model_evaluation
dog_to_bird_18,dog_to_bird,dog,bird,645,21,"[0.2, 0.05, 0.85, 0.9]",18,pending,0.24385139077521667,accepted,,selected,human_accepted_before_model_evaluation
dog_to_bird_19,dog_to_bird,dog,bird,5332,21,"[0.2, 0.05, 0.85, 0.9]",19,pending,0.26813461823512463,accepted,,selected,human_accepted_before_model_evaluation
dog_to_bird_20,dog_to_bird,dog,bird,2807,21,"[0.2, 0.05, 0.85, 0.9]",20,pending,0.2574632143350482,rejected,reviewer_rejected_unspecified,not_selected,human_rejected_before_model_evaluation
dog_to_bird_21,dog_to_bird,dog,bird,685,21,"[0.2, 0.05, 0.85, 0.9]",21,pending,0.30654436150886927,accepted,,selected,human_accepted_before_model_evaluation
dog_to_bird_22,dog_to_bird,dog,bird,7706,21,"[0.2, 0.05, 0.85, 0.9]",22,pending,0.2674525806370621,accepted,,selected,human_accepted_before_model_evaluation
dog_to_bird_23,dog_to_bird,dog,bird,4570,21,"[0.2, 0.05, 0.85, 0.9]",23,pending,0.26434688493748004,accepted,,selected,human_accepted_before_model_evaluation
dog_to_bird_24,dog_to_bird,dog,bird,7130,21,"[0.2, 0.05, 0.85, 0.9]",24,pending,0.25369610039896434,rejected,reviewer_rejected_unspecified,not_selected,human_rejected_before_model_evaluation
dog_to_cat_00,dog_to_cat,dog,cat,1095,89,"[0.18, 0.12, 0.88, 0.88]",0,pending,0.2226962664707034,accepted,,selected,human_accepted_before_model_evaluation
dog_to_cat_01,dog_to_cat,dog,cat,1626,89,"[0.18, 0.12, 0.88, 0.88]",1,pending,0.22235065930421377,accepted,,selected,human_accepted_before_model_evaluation
dog_to_cat_02,dog_to_cat,dog,cat,7041,89,"[0.18, 0.12, 0.88, 0.88]",2,pending,0.2547864250282311,accepted,,selected,human_accepted_before_model_evaluation
dog_to_cat_03,dog_to_cat,dog,cat,319,89,"[0.18, 0.12, 0.88, 0.88]",3,pending,0.2634650407648086,accepted,,selected,human_accepted_before_model_evaluation
dog_to_cat_04,dog_to_cat,dog,cat,2458,89,"[0.18, 0.12, 0.88, 0.88]",4,pending,0.2692790810746397,accepted,,selected,human_accepted_before_model_evaluation
dog_to_cat_05,dog_to_cat,dog,cat,5101,89,"[0.18, 0.12, 0.88, 0.88]",5,pending,0.2657510710139464,accepted,,selected,human_accepted_before_model_evaluation
dog_to_cat_06,dog_to_cat,dog,cat,6716,89,"[0.18, 0.12, 0.88, 0.88]",6,pending,0.2244858741734112,accepted,,selected,human_accepted_before_model_evaluation
dog_to_cat_07,dog_to_cat,dog,cat,5701,89,"[0.18, 0.12, 0.88, 0.88]",7,pending,0.25238851013512587,accepted,,selected,human_accepted_before_model_evaluation
dog_to_cat_08,dog_to_cat,dog,cat,6989,89,"[0.18, 0.12, 0.88, 0.88]",8,pending,0.2725878879895297,accepted,,selected,human_accepted_before_model_evaluation
dog_to_cat_09,dog_to_cat,dog,cat,2807,89,"[0.18, 0.12, 0.88, 0.88]",9,pending,0.23931649265748361,rejected,reviewer_rejected_unspecified,not_selected,human_rejected_before_model_evaluation
dog_to_cat_10,dog_to_cat,dog,cat,7413,89,"[0.18, 0.12, 0.88, 0.88]",10,pending,0.2787897322605879,accepted,,selected,human_accepted_before_model_evaluation
dog_to_cat_11,dog_to_cat,dog,cat,4850,89,"[0.18, 0.12, 0.88, 0.88]",11,pending,0.26029932765424635,accepted,,selected,human_accepted_before_model_evaluation
dog_to_cat_12,dog_to_cat,dog,cat,2950,89,"[0.18, 0.12, 0.88, 0.88]",12,pending,0.2556164449899427,accepted,,selected,human_accepted_before_model_evaluation
dog_to_cat_13,dog_to_cat,dog,cat,5496,89,"[0.18, 0.12, 0.88, 0.88]",13,pending,0.2588388669564859,accepted,,selected,human_accepted_before_model_evaluation
dog_to_cat_14,dog_to_cat,dog,cat,3889,89,"[0.18, 0.12, 0.88, 0.88]",14,pending,0.25906055331894706,rejected,reviewer_rejected_unspecified,not_selected,human_rejected_before_model_evaluation
dog_to_cat_15,dog_to_cat,dog,cat,4547,89,"[0.18, 0.12, 0.88, 0.88]",15,pending,0.22622017748656273,accepted,,selected,human_accepted_before_model_evaluation
dog_to_cat_16,dog_to_cat,dog,cat,4106,89,"[0.18, 0.12, 0.88, 0.88]",16,pending,0.22568015583693302,accepted,,selected,human_accepted_before_model_evaluation
dog_to_cat_17,dog_to_cat,dog,cat,4953,89,"[0.18, 0.12, 0.88, 0.88]",17,pending,0.2465285257355253,accepted,,selected,human_accepted_before_model_evaluation
dog_to_cat_18,dog_to_cat,dog,cat,2334,89,"[0.18, 0.12, 0.88, 0.88]",18,pending,0.24192156029505918,accepted,,selected,human_accepted_before_model_evaluation
dog_to_cat_19,dog_to_cat,dog,cat,5332,89,"[0.18, 0.12, 0.88, 0.88]",19,pending,0.24658536505160084,rejected,reviewer_rejected_unspecified,not_selected,human_rejected_before_model_evaluation
dog_to_cat_20,dog_to_cat,dog,cat,6922,89,"[0.18, 0.12, 0.88, 0.88]",20,pending,0.27346035811758324,accepted,,selected,human_accepted_before_model_evaluation
dog_to_cat_21,dog_to_cat,dog,cat,1552,89,"[0.18, 0.12, 0.88, 0.88]",21,pending,0.21513546266065034,accepted,,selected,human_accepted_before_model_evaluation
dog_to_cat_22,dog_to_cat,dog,cat,5924,89,"[0.18, 0.12, 0.88, 0.88]",22,pending,0.22911255465821345,rejected,reviewer_rejected_unspecified,not_selected,human_rejected_before_model_evaluation
dog_to_cat_23,dog_to_cat,dog,cat,2427,89,"[0.18, 0.12, 0.88, 0.88]",23,pending,0.252412179327074,accepted,,selected,human_accepted_before_model_evaluation
dog_to_cat_24,dog_to_cat,dog,cat,1877,89,"[0.18, 0.12, 0.88, 0.88]",24,pending,0.22989617790843628,rejected,reviewer_rejected_unspecified,not_selected,human_rejected_before_model_evaluation
dog_to_horse_00,dog_to_horse,dog,horse,3863,48,"[0.18, 0.18, 0.88, 0.92]",0,pending,0.17856077664032713,accepted,,selected,human_accepted_before_model_evaluation
dog_to_horse_01,dog_to_horse,dog,horse,6414,48,"[0.18, 0.18, 0.88, 0.92]",1,pending,0.1737380238550333,rejected,reviewer_rejected_unspecified,not_selected,human_rejected_before_model_evaluation
dog_to_horse_02,dog_to_horse,dog,horse,7041,48,"[0.18, 0.18, 0.88, 0.92]",2,pending,0.21305774124729757,accepted,,selected,human_accepted_before_model_evaluation
dog_to_horse_03,dog_to_horse,dog,horse,7130,48,"[0.18, 0.18, 0.88, 0.92]",3,pending,0.14904503843424194,accepted,,selected,human_accepted_before_model_evaluation
dog_to_horse_04,dog_to_horse,dog,horse,4290,48,"[0.18, 0.18, 0.88, 0.92]",4,pending,0.15792126330220946,rejected,reviewer_rejected_unspecified,not_selected,human_rejected_before_model_evaluation
dog_to_horse_05,dog_to_horse,dog,horse,1644,48,"[0.18, 0.18, 0.88, 0.92]",5,pending,0.17427065877028325,accepted,,selected,human_accepted_before_model_evaluation
dog_to_horse_06,dog_to_horse,dog,horse,4850,48,"[0.18, 0.18, 0.88, 0.92]",6,pending,0.17272392749633544,accepted,,selected,human_accepted_before_model_evaluation
dog_to_horse_07,dog_to_horse,dog,horse,1877,48,"[0.18, 0.18, 0.88, 0.92]",7,pending,0.16161923626961502,accepted,,selected,human_accepted_before_model_evaluation
dog_to_horse_08,dog_to_horse,dog,horse,5924,48,"[0.18, 0.18, 0.88, 0.92]",8,pending,0.14875334741729646,rejected,reviewer_rejected_unspecified,not_selected,human_rejected_before_model_evaluation
dog_to_horse_09,dog_to_horse,dog,horse,2623,48,"[0.18, 0.18, 0.88, 0.92]",9,pending,0.1609261466118608,accepted,,selected,human_accepted_before_model_evaluation
dog_to_horse_10,dog_to_horse,dog,horse,6358,48,"[0.18, 0.18, 0.88, 0.92]",10,pending,0.1540838945819326,rejected,reviewer_rejected_unspecified,not_selected,human_rejected_before_model_evaluation
dog_to_horse_11,dog_to_horse,dog,horse,6989,48,"[0.18, 0.18, 0.88, 0.92]",11,pending,0.18149242766133894,accepted,,selected,human_accepted_before_model_evaluation
dog_to_horse_12,dog_to_horse,dog,horse,7706,48,"[0.18, 0.18, 0.88, 0.92]",12,pending,0.18888210327564117,accepted,,selected,human_accepted_before_model_evaluation
dog_to_horse_13,dog_to_horse,dog,horse,2766,48,"[0.18, 0.18, 0.88, 0.92]",13,pending,0.20936272132013872,accepted,,selected,human_accepted_before_model_evaluation
dog_to_horse_14,dog_to_horse,dog,horse,2458,48,"[0.18, 0.18, 0.88, 0.92]",14,pending,0.18732887129573722,accepted,,selected,human_accepted_before_model_evaluation
dog_to_horse_15,dog_to_horse,dog,horse,6224,48,"[0.18, 0.18, 0.88, 0.92]",15,pending,0.15803495916661975,accepted,,selected,human_accepted_before_model_evaluation
dog_to_horse_16,dog_to_horse,dog,horse,2265,48,"[0.18, 0.18, 0.88, 0.92]",16,pending,0.16970279022893017,rejected,reviewer_rejected_unspecified,not_selected,human_rejected_before_model_evaluation
dog_to_horse_17,dog_to_horse,dog,horse,2334,48,"[0.18, 0.18, 0.88, 0.92]",17,pending,0.18691325683680976,accepted,,selected,human_accepted_before_model_evaluation
dog_to_horse_18,dog_to_horse,dog,horse,319,48,"[0.18, 0.18, 0.88, 0.92]",18,pending,0.20013617712560272,accepted,,selected,human_accepted_before_model_evaluation
dog_to_horse_19,dog_to_horse,dog,horse,2268,48,"[0.18, 0.18, 0.88, 0.92]",19,pending,0.2141670891148998,accepted,,selected,human_accepted_before_model_evaluation
dog_to_horse_20,dog_to_horse,dog,horse,7413,48,"[0.18, 0.18, 0.88, 0.92]",20,pending,0.20647331314641676,accepted,,selected,human_accepted_before_model_evaluation
dog_to_horse_21,dog_to_horse,dog,horse,5496,48,"[0.18, 0.18, 0.88, 0.92]",21,pending,0.18439538609658906,accepted,,selected,human_accepted_before_model_evaluation
dog_to_horse_22,dog_to_horse,dog,horse,3889,48,"[0.18, 0.18, 0.88, 0.92]",22,pending,0.19617183389217832,accepted,,selected,human_accepted_before_model_evaluation
dog_to_horse_23,dog_to_horse,dog,horse,645,48,"[0.18, 0.18, 0.88, 0.92]",23,pending,0.15833865276952536,accepted,,selected,human_accepted_before_model_evaluation
dog_to_horse_24,dog_to_horse,dog,horse,685,48,"[0.18, 0.18, 0.88, 0.92]",24,pending,0.20667540051687286,accepted,,selected,human_accepted_before_model_evaluation
horse_to_deer_00,horse_to_deer,horse,deer,2610,181,"[0.18, 0.1, 0.88, 0.92]",0,pending,0.15877286765967308,accepted,,selected,human_accepted_before_model_evaluation
horse_to_deer_01,horse_to_deer,horse,deer,4411,181,"[0.18, 0.1, 0.88, 0.92]",1,pending,0.19163984772428921,rejected,reviewer_rejected_unspecified,not_selected,human_rejected_before_model_evaluation
horse_to_deer_02,horse_to_deer,horse,deer,3494,181,"[0.18, 0.1, 0.88, 0.92]",2,pending,0.18912399471621252,accepted,,selected,human_accepted_before_model_evaluation
horse_to_deer_03,horse_to_deer,horse,deer,7779,181,"[0.18, 0.1, 0.88, 0.92]",3,pending,0.1879723891157678,rejected,reviewer_rejected_unspecified,not_selected,human_rejected_before_model_evaluation
horse_to_deer_04,horse_to_deer,horse,deer,2003,181,"[0.18, 0.1, 0.88, 0.92]",4,pending,0.1822394439134075,accepted,,selected,human_accepted_before_model_evaluation
horse_to_deer_05,horse_to_deer,horse,deer,5858,181,"[0.18, 0.1, 0.88, 0.92]",5,pending,0.19664138314109816,accepted,,selected,human_accepted_before_model_evaluation
horse_to_deer_06,horse_to_deer,horse,deer,3292,181,"[0.18, 0.1, 0.88, 0.92]",6,pending,0.18967146378944186,rejected,reviewer_rejected_unspecified,not_selected,human_rejected_before_model_evaluation
horse_to_deer_07,horse_to_deer,horse,deer,3777,181,"[0.18, 0.1, 0.88, 0.92]",7,pending,0.1779850883534555,accepted,,selected,human_accepted_before_model_evaluation
horse_to_deer_08,horse_to_deer,horse,deer,6713,181,"[0.18, 0.1, 0.88, 0.92]",8,pending,0.1862953192945516,rejected,reviewer_rejected_unspecified,not_selected,human_rejected_before_model_evaluation
horse_to_deer_09,horse_to_deer,horse,deer,7108,181,"[0.18, 0.1, 0.88, 0.92]",9,pending,0.1949226791979734,accepted,,selected,human_accepted_before_model_evaluation
horse_to_deer_10,horse_to_deer,horse,deer,7600,181,"[0.18, 0.1, 0.88, 0.92]",10,pending,0.21263359351180997,accepted,,selected,human_accepted_before_model_evaluation
horse_to_deer_11,horse_to_deer,horse,deer,5857,181,"[0.18, 0.1, 0.88, 0.92]",11,pending,0.19385579997394692,accepted,,selected,human_accepted_before_model_evaluation
horse_to_deer_12,horse_to_deer,horse,deer,5382,181,"[0.18, 0.1, 0.88, 0.92]",12,pending,0.19943620128707618,accepted,,selected,human_accepted_before_model_evaluation
horse_to_deer_13,horse_to_deer,horse,deer,7781,181,"[0.18, 0.1, 0.88, 0.92]",13,pending,0.19471954703426186,accepted,,selected,human_accepted_before_model_evaluation
horse_to_deer_14,horse_to_deer,horse,deer,4011,181,"[0.18, 0.1, 0.88, 0.92]",14,pending,0.17208871577653595,accepted,,selected,human_accepted_before_model_evaluation
horse_to_deer_15,horse_to_deer,horse,deer,964,181,"[0.18, 0.1, 0.88, 0.92]",15,pending,0.19991946062980548,accepted,,selected,human_accepted_before_model_evaluation
horse_to_deer_16,horse_to_deer,horse,deer,5082,181,"[0.18, 0.1, 0.88, 0.92]",16,pending,0.20891539670358666,accepted,,selected,human_accepted_before_model_evaluation
horse_to_deer_17,horse_to_deer,horse,deer,1534,181,"[0.18, 0.1, 0.88, 0.92]",17,pending,0.17296350490839485,rejected,reviewer_rejected_unspecified,not_selected,human_rejected_before_model_evaluation
horse_to_deer_18,horse_to_deer,horse,deer,920,181,"[0.18, 0.1, 0.88, 0.92]",18,pending,0.18089367454524857,accepted,,selected,human_accepted_before_model_evaluation
horse_to_deer_19,horse_to_deer,horse,deer,449,181,"[0.18, 0.1, 0.88, 0.92]",19,pending,0.19156208132126396,accepted,,selected,human_accepted_before_model_evaluation
horse_to_deer_20,horse_to_deer,horse,deer,1667,181,"[0.18, 0.1, 0.88, 0.92]",20,pending,0.18878741934932217,accepted,,selected,human_accepted_before_model_evaluation
horse_to_deer_21,horse_to_deer,horse,deer,7996,181,"[0.18, 0.1, 0.88, 0.92]",21,pending,0.18313372219380275,accepted,,selected,human_accepted_before_model_evaluation
horse_to_deer_22,horse_to_deer,horse,deer,3418,181,"[0.18, 0.1, 0.88, 0.92]",22,pending,0.221283175736794,accepted,,selected,human_accepted_before_model_evaluation
horse_to_deer_23,horse_to_deer,horse,deer,6381,181,"[0.18, 0.1, 0.88, 0.92]",23,pending,0.19027344003575847,accepted,,selected,human_accepted_before_model_evaluation
horse_to_deer_24,horse_to_deer,horse,deer,4731,181,"[0.18, 0.1, 0.88, 0.92]",24,pending,0.1884711608267021,accepted,,selected,human_accepted_before_model_evaluation
horse_to_dog_00,horse_to_dog,horse,dog,4254,113,"[0.18, 0.1, 0.88, 0.9]",0,pending,0.15032051731634696,accepted,,selected,human_accepted_before_model_evaluation
horse_to_dog_01,horse_to_dog,horse,dog,3191,113,"[0.18, 0.1, 0.88, 0.9]",1,pending,0.20559864542037112,rejected,reviewer_rejected_unspecified,not_selected,human_rejected_before_model_evaluation
horse_to_dog_02,horse_to_dog,horse,dog,3418,113,"[0.18, 0.1, 0.88, 0.9]",2,pending,0.20981478457371694,accepted,,selected,human_accepted_before_model_evaluation
horse_to_dog_03,horse_to_dog,horse,dog,7779,113,"[0.18, 0.1, 0.88, 0.9]",3,pending,0.19536275377999984,rejected,reviewer_rejected_unspecified,not_selected,human_rejected_before_model_evaluation
horse_to_dog_04,horse_to_dog,horse,dog,4011,113,"[0.18, 0.1, 0.88, 0.9]",4,pending,0.16473663921334095,accepted,,selected,human_accepted_before_model_evaluation
horse_to_dog_05,horse_to_dog,horse,dog,3777,113,"[0.18, 0.1, 0.88, 0.9]",5,pending,0.18563973140795334,accepted,,selected,human_accepted_before_model_evaluation
horse_to_dog_06,horse_to_dog,horse,dog,7781,113,"[0.18, 0.1, 0.88, 0.9]",6,pending,0.19525663074573132,accepted,,selected,human_accepted_before_model_evaluation
horse_to_dog_07,horse_to_dog,horse,dog,5082,113,"[0.18, 0.1, 0.88, 0.9]",7,pending,0.19580704901312404,accepted,,selected,human_accepted_before_model_evaluation
horse_to_dog_08,horse_to_dog,horse,dog,920,113,"[0.18, 0.1, 0.88, 0.9]",8,pending,0.16643858225575778,accepted,,selected,human_accepted_before_model_evaluation
horse_to_dog_09,horse_to_dog,horse,dog,7108,113,"[0.18, 0.1, 0.88, 0.9]",9,pending,0.17486836457815144,accepted,,selected,human_accepted_before_model_evaluation
horse_to_dog_10,horse_to_dog,horse,dog,929,113,"[0.18, 0.1, 0.88, 0.9]",10,pending,0.19230620889003378,accepted,,selected,human_accepted_before_model_evaluation
horse_to_dog_11,horse_to_dog,horse,dog,6381,113,"[0.18, 0.1, 0.88, 0.9]",11,pending,0.2007207550354238,accepted,,selected,human_accepted_before_model_evaluation
horse_to_dog_12,horse_to_dog,horse,dog,964,113,"[0.18, 0.1, 0.88, 0.9]",12,pending,0.21233807967364957,accepted,,selected,human_accepted_before_model_evaluation
horse_to_dog_13,horse_to_dog,horse,dog,5857,113,"[0.18, 0.1, 0.88, 0.9]",13,pending,0.2083547134604238,accepted,,selected,human_accepted_before_model_evaluation
horse_to_dog_14,horse_to_dog,horse,dog,545,113,"[0.18, 0.1, 0.88, 0.9]",14,pending,0.19886030264863827,accepted,,selected,human_accepted_before_model_evaluation
horse_to_dog_15,horse_to_dog,horse,dog,1534,113,"[0.18, 0.1, 0.88, 0.9]",15,pending,0.18872493468266568,rejected,reviewer_rejected_unspecified,not_selected,human_rejected_before_model_evaluation
horse_to_dog_16,horse_to_dog,horse,dog,7555,113,"[0.18, 0.1, 0.88, 0.9]",16,pending,0.1963456581677531,rejected,reviewer_rejected_unspecified,not_selected,human_rejected_before_model_evaluation
horse_to_dog_17,horse_to_dog,horse,dog,3494,113,"[0.18, 0.1, 0.88, 0.9]",17,pending,0.19557562812337717,accepted,,selected,human_accepted_before_model_evaluation
horse_to_dog_18,horse_to_dog,horse,dog,4093,113,"[0.18, 0.1, 0.88, 0.9]",18,pending,0.1913457524704838,accepted,,selected,human_accepted_before_model_evaluation
horse_to_dog_19,horse_to_dog,horse,dog,3515,113,"[0.18, 0.1, 0.88, 0.9]",19,pending,0.2194929995166073,accepted,,selected,human_accepted_before_model_evaluation
horse_to_dog_20,horse_to_dog,horse,dog,3844,113,"[0.18, 0.1, 0.88, 0.9]",20,pending,0.18729922719335415,accepted,,selected,human_accepted_before_model_evaluation
horse_to_dog_21,horse_to_dog,horse,dog,7726,113,"[0.18, 0.1, 0.88, 0.9]",21,pending,0.17786410933184474,rejected,reviewer_rejected_unspecified,not_selected,human_rejected_before_model_evaluation
horse_to_dog_22,horse_to_dog,horse,dog,3292,113,"[0.18, 0.1, 0.88, 0.9]",22,pending,0.20098720754315297,accepted,,selected,human_accepted_before_model_evaluation
horse_to_dog_23,horse_to_dog,horse,dog,3962,113,"[0.18, 0.1, 0.88, 0.9]",23,pending,0.20000462254702187,accepted,,selected,human_accepted_before_model_evaluation
horse_to_dog_24,horse_to_dog,horse,dog,4731,113,"[0.18, 0.1, 0.88, 0.9]",24,pending,0.19104701776850216,accepted,,selected,human_accepted_before_model_evaluation
