alignment_loss,art_painting_accuracy,art_painting_macro_f1,cartoon_accuracy,cartoon_macro_f1,classification_loss,epoch,mean_source_validation_macro_f1,photo_accuracy,photo_macro_f1,total_loss,worst_source_validation_macro_f1
0.5222788306637707,0.8414634146341463,0.8342921885785184,0.8955223880597015,0.9055750122867783,0.5079507633215852,1,0.8891190204457956,0.937125748502994,0.9274898604720897,1.030229593316714,0.8342921885785184
0.4903303400064126,0.8804878048780488,0.8843644398706137,0.908315565031983,0.9115466602188034,0.21558612213533723,2,0.9131135095183597,0.9491017964071856,0.9434294284656621,0.7059164620362796,0.8843644398706137
0.4740655912548049,0.8439024390243902,0.8460752658241942,0.8827292110874201,0.8894036734159058,0.16172685750569096,3,0.8983517910674995,0.9670658682634731,0.9595764339623988,0.6357924505176707,0.8460752658241942
0.4700413520774271,0.9097560975609756,0.9118967627201828,0.9424307036247335,0.947131524456049,0.14025823909363463,4,0.9374294487084337,0.9610778443113772,0.9532600589490693,0.6102995914526474,0.9118967627201828
0.4370676556076759,0.9024390243902439,0.902638405260625,0.9488272921108742,0.9554185406980633,0.11133938240341078,5,0.935046669846669,0.9550898203592815,0.9470830635813188,0.5484070379891967,0.902638405260625
0.4487978889264612,0.8780487804878049,0.8778879396396176,0.9488272921108742,0.9529176205552714,0.09551716998416501,6,0.929445244970189,0.9640718562874252,0.9575301747156779,0.5443150594703152,0.8778879396396176
0.448194158446585,0.8682926829268293,0.8711173902910266,0.9424307036247335,0.9498375696563561,0.09513545498544446,7,0.9285261079001902,0.9700598802395209,0.9646233637531878,0.5433296121211133,0.8711173902910266
0.4585308573949031,0.8829268292682927,0.8835010974292032,0.9339019189765458,0.9364140583345893,0.07230591852417909,8,0.9191270333358816,0.9461077844311377,0.9374659442438525,0.5308367764083748,0.8835010974292032
0.4415849565695494,0.8439024390243902,0.8381350184917852,0.9147121535181236,0.9185034705913226,0.07673429841828397,9,0.8915027543842221,0.9311377245508982,0.9178697740695582,0.5183192532286685,0.8381350184917852
