candidate_id,direction,content_class,style_class,backbone,classifier,predicted_class,prediction_role,maximum_confidence
cat_to_dog_00,cat_to_dog,cat,dog,resnet50,linear_head,deer,other,0.32429763674736023
cat_to_dog_01,cat_to_dog,cat,dog,resnet50,linear_head,cat,shape,0.7145372033119202
cat_to_dog_02,cat_to_dog,cat,dog,resnet50,linear_head,deer,other,0.3763042688369751
cat_to_dog_03,cat_to_dog,cat,dog,resnet50,linear_head,monkey,other,0.5404588580131531
cat_to_dog_04,cat_to_dog,cat,dog,resnet50,linear_head,cat,shape,0.461689293384552
cat_to_dog_05,cat_to_dog,cat,dog,resnet50,linear_head,cat,shape,0.7202795147895813
cat_to_dog_06,cat_to_dog,cat,dog,resnet50,linear_head,cat,shape,0.9907644987106323
cat_to_dog_07,cat_to_dog,cat,dog,resnet50,linear_head,cat,shape,0.9867624640464783
cat_to_dog_08,cat_to_dog,cat,dog,resnet50,linear_head,cat,shape,0.4678676128387451
cat_to_dog_09,cat_to_dog,cat,dog,resnet50,linear_head,cat,shape,0.9866765737533569
cat_to_dog_10,cat_to_dog,cat,dog,resnet50,linear_head,cat,shape,0.9841077327728271
cat_to_dog_12,cat_to_dog,cat,dog,resnet50,linear_head,cat,shape,0.9036521315574646
cat_to_dog_16,cat_to_dog,cat,dog,resnet50,linear_head,monkey,other,0.6030659079551697
cat_to_dog_18,cat_to_dog,cat,dog,resnet50,linear_head,cat,shape,0.9864150881767273
cat_to_dog_19,cat_to_dog,cat,dog,resnet50,linear_head,cat,shape,0.7921468019485474
cat_to_dog_20,cat_to_dog,cat,dog,resnet50,linear_head,deer,other,0.5337446331977844
cat_to_dog_21,cat_to_dog,cat,dog,resnet50,linear_head,dog,texture,0.5990757942199707
cat_to_dog_22,cat_to_dog,cat,dog,resnet50,linear_head,monkey,other,0.6717608571052551
cat_to_dog_23,cat_to_dog,cat,dog,resnet50,linear_head,cat,shape,0.4760909974575043
cat_to_dog_24,cat_to_dog,cat,dog,resnet50,linear_head,cat,shape,0.8821497559547424
dog_to_cat_00,dog_to_cat,dog,cat,resnet50,linear_head,dog,shape,0.9735914468765259
dog_to_cat_01,dog_to_cat,dog,cat,resnet50,linear_head,dog,shape,0.8455025553703308
dog_to_cat_02,dog_to_cat,dog,cat,resnet50,linear_head,dog,shape,0.542026937007904
dog_to_cat_03,dog_to_cat,dog,cat,resnet50,linear_head,dog,shape,0.9628023505210876
dog_to_cat_04,dog_to_cat,dog,cat,resnet50,linear_head,dog,shape,0.9965022802352905
dog_to_cat_05,dog_to_cat,dog,cat,resnet50,linear_head,dog,shape,0.9534403085708618
dog_to_cat_06,dog_to_cat,dog,cat,resnet50,linear_head,cat,texture,0.8626744747161865
dog_to_cat_07,dog_to_cat,dog,cat,resnet50,linear_head,monkey,other,0.6894763708114624
dog_to_cat_08,dog_to_cat,dog,cat,resnet50,linear_head,dog,shape,0.975813627243042
dog_to_cat_10,dog_to_cat,dog,cat,resnet50,linear_head,horse,other,0.3909738063812256
dog_to_cat_11,dog_to_cat,dog,cat,resnet50,linear_head,dog,shape,0.5809223651885986
dog_to_cat_12,dog_to_cat,dog,cat,resnet50,linear_head,monkey,other,0.2596900165081024
dog_to_cat_13,dog_to_cat,dog,cat,resnet50,linear_head,dog,shape,0.910121500492096
dog_to_cat_15,dog_to_cat,dog,cat,resnet50,linear_head,dog,shape,0.8733550310134888
dog_to_cat_16,dog_to_cat,dog,cat,resnet50,linear_head,dog,shape,0.38507193326950073
dog_to_cat_17,dog_to_cat,dog,cat,resnet50,linear_head,dog,shape,0.9547789096832275
dog_to_cat_18,dog_to_cat,dog,cat,resnet50,linear_head,monkey,other,0.7789720892906189
dog_to_cat_20,dog_to_cat,dog,cat,resnet50,linear_head,dog,shape,0.9977431297302246
dog_to_cat_21,dog_to_cat,dog,cat,resnet50,linear_head,dog,shape,0.4747726619243622
dog_to_cat_23,dog_to_cat,dog,cat,resnet50,linear_head,dog,shape,0.9725870490074158
deer_to_horse_00,deer_to_horse,deer,horse,resnet50,linear_head,deer,shape,0.9804739952087402
deer_to_horse_02,deer_to_horse,deer,horse,resnet50,linear_head,deer,shape,0.8765504360198975
deer_to_horse_03,deer_to_horse,deer,horse,resnet50,linear_head,bird,other,0.6683604121208191
deer_to_horse_05,deer_to_horse,deer,horse,resnet50,linear_head,deer,shape,0.4863605797290802
deer_to_horse_06,deer_to_horse,deer,horse,resnet50,linear_head,deer,shape,0.8013250231742859
deer_to_horse_07,deer_to_horse,deer,horse,resnet50,linear_head,horse,texture,0.47427377104759216
deer_to_horse_08,deer_to_horse,deer,horse,resnet50,linear_head,deer,shape,0.9451549053192139
deer_to_horse_09,deer_to_horse,deer,horse,resnet50,linear_head,deer,shape,0.5897889733314514
deer_to_horse_10,deer_to_horse,deer,horse,resnet50,linear_head,deer,shape,0.9760403633117676
deer_to_horse_11,deer_to_horse,deer,horse,resnet50,linear_head,deer,shape,0.9547401070594788
deer_to_horse_14,deer_to_horse,deer,horse,resnet50,linear_head,deer,shape,0.9780755639076233
deer_to_horse_15,deer_to_horse,deer,horse,resnet50,linear_head,deer,shape,0.9282090663909912
deer_to_horse_16,deer_to_horse,deer,horse,resnet50,linear_head,deer,shape,0.9291033148765564
deer_to_horse_17,deer_to_horse,deer,horse,resnet50,linear_head,deer,shape,0.8325760960578918
deer_to_horse_18,deer_to_horse,deer,horse,resnet50,linear_head,deer,shape,0.9174479246139526
deer_to_horse_19,deer_to_horse,deer,horse,resnet50,linear_head,deer,shape,0.9828213453292847
deer_to_horse_21,deer_to_horse,deer,horse,resnet50,linear_head,deer,shape,0.9640716314315796
deer_to_horse_22,deer_to_horse,deer,horse,resnet50,linear_head,deer,shape,0.9403718709945679
deer_to_horse_23,deer_to_horse,deer,horse,resnet50,linear_head,deer,shape,0.9625293612480164
deer_to_horse_24,deer_to_horse,deer,horse,resnet50,linear_head,deer,shape,0.9874947667121887
horse_to_deer_00,horse_to_deer,horse,deer,resnet50,linear_head,deer,texture,0.5562222599983215
horse_to_deer_02,horse_to_deer,horse,deer,resnet50,linear_head,horse,shape,0.9971795082092285
horse_to_deer_04,horse_to_deer,horse,deer,resnet50,linear_head,deer,texture,0.6529157757759094
horse_to_deer_05,horse_to_deer,horse,deer,resnet50,linear_head,deer,texture,0.5859739780426025
horse_to_deer_07,horse_to_deer,horse,deer,resnet50,linear_head,horse,shape,0.7843489646911621
horse_to_deer_09,horse_to_deer,horse,deer,resnet50,linear_head,deer,texture,0.5403944253921509
horse_to_deer_10,horse_to_deer,horse,deer,resnet50,linear_head,horse,shape,0.840321958065033
horse_to_deer_11,horse_to_deer,horse,deer,resnet50,linear_head,deer,texture,0.852776825428009
horse_to_deer_12,horse_to_deer,horse,deer,resnet50,linear_head,bird,other,0.5606369972229004
horse_to_deer_13,horse_to_deer,horse,deer,resnet50,linear_head,horse,shape,0.7148920297622681
horse_to_deer_14,horse_to_deer,horse,deer,resnet50,linear_head,bird,other,0.8079521656036377
horse_to_deer_15,horse_to_deer,horse,deer,resnet50,linear_head,deer,texture,0.7444087266921997
horse_to_deer_16,horse_to_deer,horse,deer,resnet50,linear_head,horse,shape,0.4023435413837433
horse_to_deer_18,horse_to_deer,horse,deer,resnet50,linear_head,deer,texture,0.9231815338134766
horse_to_deer_19,horse_to_deer,horse,deer,resnet50,linear_head,deer,texture,0.5750136375427246
horse_to_deer_20,horse_to_deer,horse,deer,resnet50,linear_head,deer,texture,0.9208107590675354
horse_to_deer_21,horse_to_deer,horse,deer,resnet50,linear_head,deer,texture,0.5503420829772949
horse_to_deer_22,horse_to_deer,horse,deer,resnet50,linear_head,horse,shape,0.7790699005126953
horse_to_deer_23,horse_to_deer,horse,deer,resnet50,linear_head,horse,shape,0.8433442115783691
horse_to_deer_24,horse_to_deer,horse,deer,resnet50,linear_head,deer,texture,0.5998110175132751
bird_to_cat_00,bird_to_cat,bird,cat,resnet50,linear_head,bird,shape,0.4998616874217987
bird_to_cat_02,bird_to_cat,bird,cat,resnet50,linear_head,bird,shape,0.8389682769775391
bird_to_cat_03,bird_to_cat,bird,cat,resnet50,linear_head,cat,texture,0.3974043130874634
bird_to_cat_05,bird_to_cat,bird,cat,resnet50,linear_head,bird,shape,0.9546799063682556
bird_to_cat_06,bird_to_cat,bird,cat,resnet50,linear_head,bird,shape,0.47017014026641846
bird_to_cat_07,bird_to_cat,bird,cat,resnet50,linear_head,bird,shape,0.9613968729972839
bird_to_cat_08,bird_to_cat,bird,cat,resnet50,linear_head,bird,shape,0.9433586001396179
bird_to_cat_09,bird_to_cat,bird,cat,resnet50,linear_head,bird,shape,0.890268087387085
bird_to_cat_10,bird_to_cat,bird,cat,resnet50,linear_head,deer,other,0.7574835419654846
bird_to_cat_11,bird_to_cat,bird,cat,resnet50,linear_head,bird,shape,0.774506151676178
bird_to_cat_12,bird_to_cat,bird,cat,resnet50,linear_head,bird,shape,0.865764319896698
bird_to_cat_14,bird_to_cat,bird,cat,resnet50,linear_head,cat,texture,0.533968985080719
bird_to_cat_16,bird_to_cat,bird,cat,resnet50,linear_head,deer,other,0.4483928084373474
bird_to_cat_17,bird_to_cat,bird,cat,resnet50,linear_head,bird,shape,0.36865612864494324
bird_to_cat_18,bird_to_cat,bird,cat,resnet50,linear_head,cat,texture,0.46358367800712585
bird_to_cat_19,bird_to_cat,bird,cat,resnet50,linear_head,bird,shape,0.9381752610206604
bird_to_cat_20,bird_to_cat,bird,cat,resnet50,linear_head,bird,shape,0.9445491433143616
bird_to_cat_21,bird_to_cat,bird,cat,resnet50,linear_head,monkey,other,0.6743537187576294
bird_to_cat_22,bird_to_cat,bird,cat,resnet50,linear_head,bird,shape,0.972850501537323
bird_to_cat_24,bird_to_cat,bird,cat,resnet50,linear_head,bird,shape,0.40888065099716187
cat_to_bird_00,cat_to_bird,cat,bird,resnet50,linear_head,bird,texture,0.6426695585250854
cat_to_bird_02,cat_to_bird,cat,bird,resnet50,linear_head,bird,texture,0.44920384883880615
cat_to_bird_05,cat_to_bird,cat,bird,resnet50,linear_head,bird,texture,0.4577612280845642
cat_to_bird_06,cat_to_bird,cat,bird,resnet50,linear_head,cat,shape,0.9192578792572021
cat_to_bird_07,cat_to_bird,cat,bird,resnet50,linear_head,cat,shape,0.7319751381874084
cat_to_bird_08,cat_to_bird,cat,bird,resnet50,linear_head,cat,shape,0.6129644513130188
cat_to_bird_09,cat_to_bird,cat,bird,resnet50,linear_head,bird,texture,0.6166554689407349
cat_to_bird_10,cat_to_bird,cat,bird,resnet50,linear_head,cat,shape,0.8821297287940979
cat_to_bird_12,cat_to_bird,cat,bird,resnet50,linear_head,bird,texture,0.8308846354484558
cat_to_bird_13,cat_to_bird,cat,bird,resnet50,linear_head,cat,shape,0.8813827633857727
cat_to_bird_14,cat_to_bird,cat,bird,resnet50,linear_head,cat,shape,0.3589646816253662
cat_to_bird_15,cat_to_bird,cat,bird,resnet50,linear_head,bird,texture,0.9507882595062256
cat_to_bird_16,cat_to_bird,cat,bird,resnet50,linear_head,cat,shape,0.757679283618927
cat_to_bird_18,cat_to_bird,cat,bird,resnet50,linear_head,cat,shape,0.7537222504615784
cat_to_bird_19,cat_to_bird,cat,bird,resnet50,linear_head,cat,shape,0.5283529758453369
cat_to_bird_20,cat_to_bird,cat,bird,resnet50,linear_head,bird,texture,0.8235652446746826
cat_to_bird_21,cat_to_bird,cat,bird,resnet50,linear_head,cat,shape,0.991642951965332
cat_to_bird_22,cat_to_bird,cat,bird,resnet50,linear_head,bird,texture,0.48746177554130554
cat_to_bird_23,cat_to_bird,cat,bird,resnet50,linear_head,cat,shape,0.9964281916618347
cat_to_bird_24,cat_to_bird,cat,bird,resnet50,linear_head,cat,shape,0.4801335334777832
horse_to_dog_00,horse_to_dog,horse,dog,resnet50,linear_head,monkey,other,0.36166346073150635
horse_to_dog_02,horse_to_dog,horse,dog,resnet50,linear_head,deer,other,0.4821462631225586
horse_to_dog_04,horse_to_dog,horse,dog,resnet50,linear_head,monkey,other,0.7780300974845886
horse_to_dog_05,horse_to_dog,horse,dog,resnet50,linear_head,deer,other,0.892829954624176
horse_to_dog_06,horse_to_dog,horse,dog,resnet50,linear_head,deer,other,0.34610143303871155
horse_to_dog_07,horse_to_dog,horse,dog,resnet50,linear_head,deer,other,0.4375324249267578
horse_to_dog_08,horse_to_dog,horse,dog,resnet50,linear_head,deer,other,0.4724729657173157
horse_to_dog_09,horse_to_dog,horse,dog,resnet50,linear_head,deer,other,0.7335636019706726
horse_to_dog_10,horse_to_dog,horse,dog,resnet50,linear_head,monkey,other,0.35452941060066223
horse_to_dog_11,horse_to_dog,horse,dog,resnet50,linear_head,cat,other,0.4542538523674011
horse_to_dog_12,horse_to_dog,horse,dog,resnet50,linear_head,cat,other,0.5215892791748047
horse_to_dog_13,horse_to_dog,horse,dog,resnet50,linear_head,monkey,other,0.5736739635467529
horse_to_dog_14,horse_to_dog,horse,dog,resnet50,linear_head,deer,other,0.40944793820381165
horse_to_dog_17,horse_to_dog,horse,dog,resnet50,linear_head,horse,shape,0.5305836200714111
horse_to_dog_18,horse_to_dog,horse,dog,resnet50,linear_head,deer,other,0.4493209421634674
horse_to_dog_19,horse_to_dog,horse,dog,resnet50,linear_head,deer,other,0.6098535060882568
horse_to_dog_20,horse_to_dog,horse,dog,resnet50,linear_head,horse,shape,0.6177253723144531
horse_to_dog_22,horse_to_dog,horse,dog,resnet50,linear_head,bird,other,0.5146788954734802
horse_to_dog_23,horse_to_dog,horse,dog,resnet50,linear_head,deer,other,0.4510973393917084
horse_to_dog_24,horse_to_dog,horse,dog,resnet50,linear_head,deer,other,0.40692365169525146
dog_to_horse_00,dog_to_horse,dog,horse,resnet50,linear_head,dog,shape,0.8877579569816589
dog_to_horse_02,dog_to_horse,dog,horse,resnet50,linear_head,bird,other,0.8535239100456238
dog_to_horse_03,dog_to_horse,dog,horse,resnet50,linear_head,bird,other,0.9373384118080139
dog_to_horse_05,dog_to_horse,dog,horse,resnet50,linear_head,dog,shape,0.9670854210853577
dog_to_horse_06,dog_to_horse,dog,horse,resnet50,linear_head,bird,other,0.40716445446014404
dog_to_horse_07,dog_to_horse,dog,horse,resnet50,linear_head,deer,other,0.8988887667655945
dog_to_horse_09,dog_to_horse,dog,horse,resnet50,linear_head,deer,other,0.8226195573806763
dog_to_horse_11,dog_to_horse,dog,horse,resnet50,linear_head,dog,shape,0.9748388528823853
dog_to_horse_12,dog_to_horse,dog,horse,resnet50,linear_head,dog,shape,0.5787116289138794
dog_to_horse_13,dog_to_horse,dog,horse,resnet50,linear_head,dog,shape,0.29056981205940247
dog_to_horse_14,dog_to_horse,dog,horse,resnet50,linear_head,dog,shape,0.7569108009338379
dog_to_horse_15,dog_to_horse,dog,horse,resnet50,linear_head,dog,shape,0.5567321181297302
dog_to_horse_17,dog_to_horse,dog,horse,resnet50,linear_head,dog,shape,0.8000476956367493
dog_to_horse_18,dog_to_horse,dog,horse,resnet50,linear_head,dog,shape,0.6720468997955322
dog_to_horse_19,dog_to_horse,dog,horse,resnet50,linear_head,dog,shape,0.9054456353187561
dog_to_horse_20,dog_to_horse,dog,horse,resnet50,linear_head,dog,shape,0.5647264719009399
dog_to_horse_21,dog_to_horse,dog,horse,resnet50,linear_head,dog,shape,0.9532821178436279
dog_to_horse_22,dog_to_horse,dog,horse,resnet50,linear_head,horse,texture,0.46486690640449524
dog_to_horse_23,dog_to_horse,dog,horse,resnet50,linear_head,dog,shape,0.9425139427185059
dog_to_horse_24,dog_to_horse,dog,horse,resnet50,linear_head,dog,shape,0.994962215423584
bird_to_dog_00,bird_to_dog,bird,dog,resnet50,linear_head,bird,shape,0.598601222038269
bird_to_dog_01,bird_to_dog,bird,dog,resnet50,linear_head,monkey,other,0.7357487082481384
bird_to_dog_03,bird_to_dog,bird,dog,resnet50,linear_head,cat,other,0.929381251335144
bird_to_dog_04,bird_to_dog,bird,dog,resnet50,linear_head,bird,shape,0.8807136416435242
bird_to_dog_05,bird_to_dog,bird,dog,resnet50,linear_head,monkey,other,0.64741450548172
bird_to_dog_06,bird_to_dog,bird,dog,resnet50,linear_head,monkey,other,0.9150115251541138
bird_to_dog_08,bird_to_dog,bird,dog,resnet50,linear_head,deer,other,0.6168487071990967
bird_to_dog_11,bird_to_dog,bird,dog,resnet50,linear_head,monkey,other,0.9122360348701477
bird_to_dog_12,bird_to_dog,bird,dog,resnet50,linear_head,bird,shape,0.9562016725540161
bird_to_dog_14,bird_to_dog,bird,dog,resnet50,linear_head,monkey,other,0.7441202998161316
bird_to_dog_15,bird_to_dog,bird,dog,resnet50,linear_head,bird,shape,0.8772653937339783
bird_to_dog_16,bird_to_dog,bird,dog,resnet50,linear_head,bird,shape,0.7780668139457703
bird_to_dog_17,bird_to_dog,bird,dog,resnet50,linear_head,bird,shape,0.7213394045829773
bird_to_dog_18,bird_to_dog,bird,dog,resnet50,linear_head,bird,shape,0.63103187084198
bird_to_dog_19,bird_to_dog,bird,dog,resnet50,linear_head,monkey,other,0.9940628409385681
bird_to_dog_20,bird_to_dog,bird,dog,resnet50,linear_head,monkey,other,0.309698224067688
bird_to_dog_21,bird_to_dog,bird,dog,resnet50,linear_head,cat,other,0.30777981877326965
bird_to_dog_22,bird_to_dog,bird,dog,resnet50,linear_head,bird,shape,0.6605469584465027
bird_to_dog_23,bird_to_dog,bird,dog,resnet50,linear_head,monkey,other,0.481642484664917
bird_to_dog_24,bird_to_dog,bird,dog,resnet50,linear_head,bird,shape,0.9681571125984192
dog_to_bird_00,dog_to_bird,dog,bird,resnet50,linear_head,dog,shape,0.5214231610298157
dog_to_bird_01,dog_to_bird,dog,bird,resnet50,linear_head,deer,other,0.6059586405754089
dog_to_bird_02,dog_to_bird,dog,bird,resnet50,linear_head,bird,texture,0.6364411115646362
dog_to_bird_03,dog_to_bird,dog,bird,resnet50,linear_head,dog,shape,0.6532524228096008
dog_to_bird_05,dog_to_bird,dog,bird,resnet50,linear_head,dog,shape,0.5451610088348389
dog_to_bird_06,dog_to_bird,dog,bird,resnet50,linear_head,dog,shape,0.5505610108375549
dog_to_bird_07,dog_to_bird,dog,bird,resnet50,linear_head,dog,shape,0.9183923602104187
dog_to_bird_08,dog_to_bird,dog,bird,resnet50,linear_head,dog,shape,0.930730402469635
dog_to_bird_10,dog_to_bird,dog,bird,resnet50,linear_head,dog,shape,0.8074826598167419
dog_to_bird_12,dog_to_bird,dog,bird,resnet50,linear_head,deer,other,0.525375247001648
dog_to_bird_13,dog_to_bird,dog,bird,resnet50,linear_head,cat,other,0.706646740436554
dog_to_bird_14,dog_to_bird,dog,bird,resnet50,linear_head,monkey,other,0.32480332255363464
dog_to_bird_15,dog_to_bird,dog,bird,resnet50,linear_head,dog,shape,0.4336792230606079
dog_to_bird_16,dog_to_bird,dog,bird,resnet50,linear_head,bird,texture,0.8258957862854004
dog_to_bird_17,dog_to_bird,dog,bird,resnet50,linear_head,bird,texture,0.6471664905548096
dog_to_bird_18,dog_to_bird,dog,bird,resnet50,linear_head,dog,shape,0.9969972372055054
dog_to_bird_19,dog_to_bird,dog,bird,resnet50,linear_head,deer,other,0.6919512748718262
dog_to_bird_21,dog_to_bird,dog,bird,resnet50,linear_head,cat,other,0.3436221480369568
dog_to_bird_22,dog_to_bird,dog,bird,resnet50,linear_head,cat,other,0.6327763199806213
dog_to_bird_23,dog_to_bird,dog,bird,resnet50,linear_head,dog,shape,0.846458375453949
cat_to_dog_00,cat_to_dog,cat,dog,vit_b_16,linear_head,cat,shape,0.996892511844635
cat_to_dog_01,cat_to_dog,cat,dog,vit_b_16,linear_head,monkey,other,0.8153311014175415
cat_to_dog_02,cat_to_dog,cat,dog,vit_b_16,linear_head,deer,other,0.3885047137737274
cat_to_dog_03,cat_to_dog,cat,dog,vit_b_16,linear_head,cat,shape,0.8470963835716248
cat_to_dog_04,cat_to_dog,cat,dog,vit_b_16,linear_head,cat,shape,0.7938673496246338
cat_to_dog_05,cat_to_dog,cat,dog,vit_b_16,linear_head,cat,shape,0.9476784467697144
cat_to_dog_06,cat_to_dog,cat,dog,vit_b_16,linear_head,cat,shape,0.9996844530105591
cat_to_dog_07,cat_to_dog,cat,dog,vit_b_16,linear_head,cat,shape,0.9999819993972778
cat_to_dog_08,cat_to_dog,cat,dog,vit_b_16,linear_head,cat,shape,0.9521426558494568
cat_to_dog_09,cat_to_dog,cat,dog,vit_b_16,linear_head,cat,shape,0.9998822212219238
cat_to_dog_10,cat_to_dog,cat,dog,vit_b_16,linear_head,cat,shape,0.9999783039093018
cat_to_dog_12,cat_to_dog,cat,dog,vit_b_16,linear_head,monkey,other,0.31042346358299255
cat_to_dog_16,cat_to_dog,cat,dog,vit_b_16,linear_head,deer,other,0.7964246869087219
cat_to_dog_18,cat_to_dog,cat,dog,vit_b_16,linear_head,cat,shape,0.9999644756317139
cat_to_dog_19,cat_to_dog,cat,dog,vit_b_16,linear_head,cat,shape,0.9999831914901733
cat_to_dog_20,cat_to_dog,cat,dog,vit_b_16,linear_head,cat,shape,0.8924638032913208
cat_to_dog_21,cat_to_dog,cat,dog,vit_b_16,linear_head,bird,other,0.5062557458877563
cat_to_dog_22,cat_to_dog,cat,dog,vit_b_16,linear_head,cat,shape,0.9998070597648621
cat_to_dog_23,cat_to_dog,cat,dog,vit_b_16,linear_head,monkey,other,0.49666762351989746
cat_to_dog_24,cat_to_dog,cat,dog,vit_b_16,linear_head,cat,shape,0.995688259601593
dog_to_cat_00,dog_to_cat,dog,cat,vit_b_16,linear_head,dog,shape,0.9994381070137024
dog_to_cat_01,dog_to_cat,dog,cat,vit_b_16,linear_head,dog,shape,0.9769482612609863
dog_to_cat_02,dog_to_cat,dog,cat,vit_b_16,linear_head,dog,shape,0.9972503781318665
dog_to_cat_03,dog_to_cat,dog,cat,vit_b_16,linear_head,dog,shape,0.9887644052505493
dog_to_cat_04,dog_to_cat,dog,cat,vit_b_16,linear_head,dog,shape,0.9992198944091797
dog_to_cat_05,dog_to_cat,dog,cat,vit_b_16,linear_head,dog,shape,0.9861339926719666
dog_to_cat_06,dog_to_cat,dog,cat,vit_b_16,linear_head,dog,shape,0.943588137626648
dog_to_cat_07,dog_to_cat,dog,cat,vit_b_16,linear_head,dog,shape,0.9986978769302368
dog_to_cat_08,dog_to_cat,dog,cat,vit_b_16,linear_head,dog,shape,0.9979609251022339
dog_to_cat_10,dog_to_cat,dog,cat,vit_b_16,linear_head,dog,shape,0.46104639768600464
dog_to_cat_11,dog_to_cat,dog,cat,vit_b_16,linear_head,dog,shape,0.9814303517341614
dog_to_cat_12,dog_to_cat,dog,cat,vit_b_16,linear_head,dog,shape,0.7751441597938538
dog_to_cat_13,dog_to_cat,dog,cat,vit_b_16,linear_head,dog,shape,0.9943562150001526
dog_to_cat_15,dog_to_cat,dog,cat,vit_b_16,linear_head,dog,shape,0.9834104180335999
dog_to_cat_16,dog_to_cat,dog,cat,vit_b_16,linear_head,dog,shape,0.9045553803443909
dog_to_cat_17,dog_to_cat,dog,cat,vit_b_16,linear_head,deer,other,0.4293915927410126
dog_to_cat_18,dog_to_cat,dog,cat,vit_b_16,linear_head,dog,shape,0.7536095380783081
dog_to_cat_20,dog_to_cat,dog,cat,vit_b_16,linear_head,dog,shape,0.9995372295379639
dog_to_cat_21,dog_to_cat,dog,cat,vit_b_16,linear_head,dog,shape,0.7018537521362305
dog_to_cat_23,dog_to_cat,dog,cat,vit_b_16,linear_head,dog,shape,0.9967291355133057
deer_to_horse_00,deer_to_horse,deer,horse,vit_b_16,linear_head,deer,shape,0.998940646648407
deer_to_horse_02,deer_to_horse,deer,horse,vit_b_16,linear_head,deer,shape,0.9966807961463928
deer_to_horse_03,deer_to_horse,deer,horse,vit_b_16,linear_head,cat,other,0.5001564025878906
deer_to_horse_05,deer_to_horse,deer,horse,vit_b_16,linear_head,deer,shape,0.9996823072433472
deer_to_horse_06,deer_to_horse,deer,horse,vit_b_16,linear_head,deer,shape,0.44648876786231995
deer_to_horse_07,deer_to_horse,deer,horse,vit_b_16,linear_head,deer,shape,0.9840807914733887
deer_to_horse_08,deer_to_horse,deer,horse,vit_b_16,linear_head,deer,shape,0.9960110187530518
deer_to_horse_09,deer_to_horse,deer,horse,vit_b_16,linear_head,deer,shape,0.9992146492004395
deer_to_horse_10,deer_to_horse,deer,horse,vit_b_16,linear_head,deer,shape,0.9866369366645813
deer_to_horse_11,deer_to_horse,deer,horse,vit_b_16,linear_head,deer,shape,0.9998694658279419
deer_to_horse_14,deer_to_horse,deer,horse,vit_b_16,linear_head,deer,shape,0.9997548460960388
deer_to_horse_15,deer_to_horse,deer,horse,vit_b_16,linear_head,deer,shape,0.9979571104049683
deer_to_horse_16,deer_to_horse,deer,horse,vit_b_16,linear_head,deer,shape,0.8856381773948669
deer_to_horse_17,deer_to_horse,deer,horse,vit_b_16,linear_head,deer,shape,0.9948590993881226
deer_to_horse_18,deer_to_horse,deer,horse,vit_b_16,linear_head,deer,shape,0.9294440746307373
deer_to_horse_19,deer_to_horse,deer,horse,vit_b_16,linear_head,deer,shape,0.9985911250114441
deer_to_horse_21,deer_to_horse,deer,horse,vit_b_16,linear_head,deer,shape,0.9998617172241211
deer_to_horse_22,deer_to_horse,deer,horse,vit_b_16,linear_head,deer,shape,0.9905034303665161
deer_to_horse_23,deer_to_horse,deer,horse,vit_b_16,linear_head,deer,shape,0.9423083662986755
deer_to_horse_24,deer_to_horse,deer,horse,vit_b_16,linear_head,deer,shape,0.9996697902679443
horse_to_deer_00,horse_to_deer,horse,deer,vit_b_16,linear_head,bird,other,0.7476125955581665
horse_to_deer_02,horse_to_deer,horse,deer,vit_b_16,linear_head,horse,shape,0.9960198998451233
horse_to_deer_04,horse_to_deer,horse,deer,vit_b_16,linear_head,deer,texture,0.5153924822807312
horse_to_deer_05,horse_to_deer,horse,deer,vit_b_16,linear_head,deer,texture,0.7533926367759705
horse_to_deer_07,horse_to_deer,horse,deer,vit_b_16,linear_head,horse,shape,0.9924972057342529
horse_to_deer_09,horse_to_deer,horse,deer,vit_b_16,linear_head,horse,shape,0.991592526435852
horse_to_deer_10,horse_to_deer,horse,deer,vit_b_16,linear_head,horse,shape,0.9993946552276611
horse_to_deer_11,horse_to_deer,horse,deer,vit_b_16,linear_head,deer,texture,0.36516430974006653
horse_to_deer_12,horse_to_deer,horse,deer,vit_b_16,linear_head,horse,shape,0.36732733249664307
horse_to_deer_13,horse_to_deer,horse,deer,vit_b_16,linear_head,horse,shape,0.997312068939209
horse_to_deer_14,horse_to_deer,horse,deer,vit_b_16,linear_head,horse,shape,0.8344292044639587
horse_to_deer_15,horse_to_deer,horse,deer,vit_b_16,linear_head,horse,shape,0.6671159267425537
horse_to_deer_16,horse_to_deer,horse,deer,vit_b_16,linear_head,horse,shape,0.9565666913986206
horse_to_deer_18,horse_to_deer,horse,deer,vit_b_16,linear_head,horse,shape,0.5694134831428528
horse_to_deer_19,horse_to_deer,horse,deer,vit_b_16,linear_head,horse,shape,0.8191381692886353
horse_to_deer_20,horse_to_deer,horse,deer,vit_b_16,linear_head,horse,shape,0.8374716639518738
horse_to_deer_21,horse_to_deer,horse,deer,vit_b_16,linear_head,horse,shape,0.7737006545066833
horse_to_deer_22,horse_to_deer,horse,deer,vit_b_16,linear_head,horse,shape,0.9912885427474976
horse_to_deer_23,horse_to_deer,horse,deer,vit_b_16,linear_head,horse,shape,0.9990792274475098
horse_to_deer_24,horse_to_deer,horse,deer,vit_b_16,linear_head,horse,shape,0.562012255191803
bird_to_cat_00,bird_to_cat,bird,cat,vit_b_16,linear_head,bird,shape,0.9974310994148254
bird_to_cat_02,bird_to_cat,bird,cat,vit_b_16,linear_head,bird,shape,0.9943825006484985
bird_to_cat_03,bird_to_cat,bird,cat,vit_b_16,linear_head,cat,texture,0.4685726463794708
bird_to_cat_05,bird_to_cat,bird,cat,vit_b_16,linear_head,bird,shape,0.9822085499763489
bird_to_cat_06,bird_to_cat,bird,cat,vit_b_16,linear_head,bird,shape,0.9968796968460083
bird_to_cat_07,bird_to_cat,bird,cat,vit_b_16,linear_head,bird,shape,0.932521402835846
bird_to_cat_08,bird_to_cat,bird,cat,vit_b_16,linear_head,bird,shape,0.9950750470161438
bird_to_cat_09,bird_to_cat,bird,cat,vit_b_16,linear_head,bird,shape,0.9999841451644897
bird_to_cat_10,bird_to_cat,bird,cat,vit_b_16,linear_head,bird,shape,0.8890494108200073
bird_to_cat_11,bird_to_cat,bird,cat,vit_b_16,linear_head,bird,shape,0.9998501539230347
bird_to_cat_12,bird_to_cat,bird,cat,vit_b_16,linear_head,bird,shape,0.9998832941055298
bird_to_cat_14,bird_to_cat,bird,cat,vit_b_16,linear_head,bird,shape,0.7105269432067871
bird_to_cat_16,bird_to_cat,bird,cat,vit_b_16,linear_head,bird,shape,0.5339180827140808
bird_to_cat_17,bird_to_cat,bird,cat,vit_b_16,linear_head,bird,shape,0.999839186668396
bird_to_cat_18,bird_to_cat,bird,cat,vit_b_16,linear_head,bird,shape,0.9659906625747681
bird_to_cat_19,bird_to_cat,bird,cat,vit_b_16,linear_head,bird,shape,0.7349179983139038
bird_to_cat_20,bird_to_cat,bird,cat,vit_b_16,linear_head,bird,shape,0.982125997543335
bird_to_cat_21,bird_to_cat,bird,cat,vit_b_16,linear_head,bird,shape,0.9905675053596497
bird_to_cat_22,bird_to_cat,bird,cat,vit_b_16,linear_head,bird,shape,0.9991981387138367
bird_to_cat_24,bird_to_cat,bird,cat,vit_b_16,linear_head,bird,shape,0.6077268719673157
cat_to_bird_00,cat_to_bird,cat,bird,vit_b_16,linear_head,cat,shape,0.3675048351287842
cat_to_bird_02,cat_to_bird,cat,bird,vit_b_16,linear_head,bird,texture,0.28950223326683044
cat_to_bird_05,cat_to_bird,cat,bird,vit_b_16,linear_head,bird,texture,0.6370142102241516
cat_to_bird_06,cat_to_bird,cat,bird,vit_b_16,linear_head,cat,shape,0.9995206594467163
cat_to_bird_07,cat_to_bird,cat,bird,vit_b_16,linear_head,cat,shape,0.9999572038650513
cat_to_bird_08,cat_to_bird,cat,bird,vit_b_16,linear_head,cat,shape,0.9983348250389099
cat_to_bird_09,cat_to_bird,cat,bird,vit_b_16,linear_head,cat,shape,0.9461919665336609
cat_to_bird_10,cat_to_bird,cat,bird,vit_b_16,linear_head,cat,shape,0.9979246854782104
cat_to_bird_12,cat_to_bird,cat,bird,vit_b_16,linear_head,cat,shape,0.9803497791290283
cat_to_bird_13,cat_to_bird,cat,bird,vit_b_16,linear_head,cat,shape,0.9002800583839417
cat_to_bird_14,cat_to_bird,cat,bird,vit_b_16,linear_head,monkey,other,0.9000602960586548
cat_to_bird_15,cat_to_bird,cat,bird,vit_b_16,linear_head,bird,texture,0.9442077875137329
cat_to_bird_16,cat_to_bird,cat,bird,vit_b_16,linear_head,cat,shape,0.9999382495880127
cat_to_bird_18,cat_to_bird,cat,bird,vit_b_16,linear_head,cat,shape,0.9998935461044312
cat_to_bird_19,cat_to_bird,cat,bird,vit_b_16,linear_head,cat,shape,0.89182049036026
cat_to_bird_20,cat_to_bird,cat,bird,vit_b_16,linear_head,cat,shape,0.993169903755188
cat_to_bird_21,cat_to_bird,cat,bird,vit_b_16,linear_head,cat,shape,0.9996355772018433
cat_to_bird_22,cat_to_bird,cat,bird,vit_b_16,linear_head,cat,shape,0.9733036160469055
cat_to_bird_23,cat_to_bird,cat,bird,vit_b_16,linear_head,cat,shape,0.9998199343681335
cat_to_bird_24,cat_to_bird,cat,bird,vit_b_16,linear_head,cat,shape,0.5067195296287537
horse_to_dog_00,horse_to_dog,horse,dog,vit_b_16,linear_head,monkey,other,0.6729452610015869
horse_to_dog_02,horse_to_dog,horse,dog,vit_b_16,linear_head,horse,shape,0.9986903071403503
horse_to_dog_04,horse_to_dog,horse,dog,vit_b_16,linear_head,deer,other,0.7640371322631836
horse_to_dog_05,horse_to_dog,horse,dog,vit_b_16,linear_head,horse,shape,0.9895156621932983
horse_to_dog_06,horse_to_dog,horse,dog,vit_b_16,linear_head,horse,shape,0.5678392648696899
horse_to_dog_07,horse_to_dog,horse,dog,vit_b_16,linear_head,horse,shape,0.9236536026000977
horse_to_dog_08,horse_to_dog,horse,dog,vit_b_16,linear_head,deer,other,0.8769070506095886
horse_to_dog_09,horse_to_dog,horse,dog,vit_b_16,linear_head,horse,shape,0.9922605156898499
horse_to_dog_10,horse_to_dog,horse,dog,vit_b_16,linear_head,horse,shape,0.8616843819618225
horse_to_dog_11,horse_to_dog,horse,dog,vit_b_16,linear_head,horse,shape,0.9991136193275452
horse_to_dog_12,horse_to_dog,horse,dog,vit_b_16,linear_head,horse,shape,0.5061622262001038
horse_to_dog_13,horse_to_dog,horse,dog,vit_b_16,linear_head,cat,other,0.5130215287208557
horse_to_dog_14,horse_to_dog,horse,dog,vit_b_16,linear_head,monkey,other,0.5285841226577759
horse_to_dog_17,horse_to_dog,horse,dog,vit_b_16,linear_head,horse,shape,0.9998237490653992
horse_to_dog_18,horse_to_dog,horse,dog,vit_b_16,linear_head,horse,shape,0.8999500274658203
horse_to_dog_19,horse_to_dog,horse,dog,vit_b_16,linear_head,horse,shape,0.8701644539833069
horse_to_dog_20,horse_to_dog,horse,dog,vit_b_16,linear_head,horse,shape,0.7236355543136597
horse_to_dog_22,horse_to_dog,horse,dog,vit_b_16,linear_head,horse,shape,0.9930994510650635
horse_to_dog_23,horse_to_dog,horse,dog,vit_b_16,linear_head,horse,shape,0.9976068735122681
horse_to_dog_24,horse_to_dog,horse,dog,vit_b_16,linear_head,horse,shape,0.9964926838874817
dog_to_horse_00,dog_to_horse,dog,horse,vit_b_16,linear_head,dog,shape,0.9847009181976318
dog_to_horse_02,dog_to_horse,dog,horse,vit_b_16,linear_head,monkey,other,0.3575238287448883
dog_to_horse_03,dog_to_horse,dog,horse,vit_b_16,linear_head,dog,shape,0.60749351978302
dog_to_horse_05,dog_to_horse,dog,horse,vit_b_16,linear_head,dog,shape,0.9053775072097778
dog_to_horse_06,dog_to_horse,dog,horse,vit_b_16,linear_head,deer,other,0.3543609380722046
dog_to_horse_07,dog_to_horse,dog,horse,vit_b_16,linear_head,deer,other,0.9805268049240112
dog_to_horse_09,dog_to_horse,dog,horse,vit_b_16,linear_head,cat,other,0.6970216631889343
dog_to_horse_11,dog_to_horse,dog,horse,vit_b_16,linear_head,dog,shape,0.9896314740180969
dog_to_horse_12,dog_to_horse,dog,horse,vit_b_16,linear_head,dog,shape,0.8872178196907043
dog_to_horse_13,dog_to_horse,dog,horse,vit_b_16,linear_head,dog,shape,0.5829333662986755
dog_to_horse_14,dog_to_horse,dog,horse,vit_b_16,linear_head,dog,shape,0.9551280736923218
dog_to_horse_15,dog_to_horse,dog,horse,vit_b_16,linear_head,cat,other,0.41568735241889954
dog_to_horse_17,dog_to_horse,dog,horse,vit_b_16,linear_head,dog,shape,0.9954290390014648
dog_to_horse_18,dog_to_horse,dog,horse,vit_b_16,linear_head,dog,shape,0.9578166604042053
dog_to_horse_19,dog_to_horse,dog,horse,vit_b_16,linear_head,dog,shape,0.9222332835197449
dog_to_horse_20,dog_to_horse,dog,horse,vit_b_16,linear_head,dog,shape,0.3979959785938263
dog_to_horse_21,dog_to_horse,dog,horse,vit_b_16,linear_head,dog,shape,0.992973804473877
dog_to_horse_22,dog_to_horse,dog,horse,vit_b_16,linear_head,monkey,other,0.9090906977653503
dog_to_horse_23,dog_to_horse,dog,horse,vit_b_16,linear_head,dog,shape,0.794050395488739
dog_to_horse_24,dog_to_horse,dog,horse,vit_b_16,linear_head,dog,shape,0.9919267892837524
bird_to_dog_00,bird_to_dog,bird,dog,vit_b_16,linear_head,bird,shape,0.999451220035553
bird_to_dog_01,bird_to_dog,bird,dog,vit_b_16,linear_head,monkey,other,0.972022294998169
bird_to_dog_03,bird_to_dog,bird,dog,vit_b_16,linear_head,cat,other,0.9993041753768921
bird_to_dog_04,bird_to_dog,bird,dog,vit_b_16,linear_head,bird,shape,0.9931727051734924
bird_to_dog_05,bird_to_dog,bird,dog,vit_b_16,linear_head,bird,shape,0.6915808320045471
bird_to_dog_06,bird_to_dog,bird,dog,vit_b_16,linear_head,monkey,other,0.9930590391159058
bird_to_dog_08,bird_to_dog,bird,dog,vit_b_16,linear_head,deer,other,0.82635897397995
bird_to_dog_11,bird_to_dog,bird,dog,vit_b_16,linear_head,monkey,other,0.9521465301513672
bird_to_dog_12,bird_to_dog,bird,dog,vit_b_16,linear_head,bird,shape,0.9996026158332825
bird_to_dog_14,bird_to_dog,bird,dog,vit_b_16,linear_head,monkey,other,0.9299968481063843
bird_to_dog_15,bird_to_dog,bird,dog,vit_b_16,linear_head,bird,shape,0.9997863173484802
bird_to_dog_16,bird_to_dog,bird,dog,vit_b_16,linear_head,bird,shape,0.9996762275695801
bird_to_dog_17,bird_to_dog,bird,dog,vit_b_16,linear_head,bird,shape,0.9999301433563232
bird_to_dog_18,bird_to_dog,bird,dog,vit_b_16,linear_head,monkey,other,0.6194068193435669
bird_to_dog_19,bird_to_dog,bird,dog,vit_b_16,linear_head,monkey,other,0.7912229299545288
bird_to_dog_20,bird_to_dog,bird,dog,vit_b_16,linear_head,dog,texture,0.6034218668937683
bird_to_dog_21,bird_to_dog,bird,dog,vit_b_16,linear_head,cat,other,0.6589192152023315
bird_to_dog_22,bird_to_dog,bird,dog,vit_b_16,linear_head,monkey,other,0.5034230351448059
bird_to_dog_23,bird_to_dog,bird,dog,vit_b_16,linear_head,bird,shape,0.9177453517913818
bird_to_dog_24,bird_to_dog,bird,dog,vit_b_16,linear_head,bird,shape,0.9999911785125732
dog_to_bird_00,dog_to_bird,dog,bird,vit_b_16,linear_head,dog,shape,0.9870445132255554
dog_to_bird_01,dog_to_bird,dog,bird,vit_b_16,linear_head,dog,shape,0.9993606209754944
dog_to_bird_02,dog_to_bird,dog,bird,vit_b_16,linear_head,cat,other,0.5604355931282043
dog_to_bird_03,dog_to_bird,dog,bird,vit_b_16,linear_head,dog,shape,0.9964685440063477
dog_to_bird_05,dog_to_bird,dog,bird,vit_b_16,linear_head,dog,shape,0.9417521357536316
dog_to_bird_06,dog_to_bird,dog,bird,vit_b_16,linear_head,dog,shape,0.35497909784317017
dog_to_bird_07,dog_to_bird,dog,bird,vit_b_16,linear_head,dog,shape,0.9970894455909729
dog_to_bird_08,dog_to_bird,dog,bird,vit_b_16,linear_head,dog,shape,0.9912025928497314
dog_to_bird_10,dog_to_bird,dog,bird,vit_b_16,linear_head,dog,shape,0.8959784507751465
dog_to_bird_12,dog_to_bird,dog,bird,vit_b_16,linear_head,horse,other,0.5019139051437378
dog_to_bird_13,dog_to_bird,dog,bird,vit_b_16,linear_head,monkey,other,0.8025432229042053
dog_to_bird_14,dog_to_bird,dog,bird,vit_b_16,linear_head,deer,other,0.6425834894180298
dog_to_bird_15,dog_to_bird,dog,bird,vit_b_16,linear_head,dog,shape,0.9559818506240845
dog_to_bird_16,dog_to_bird,dog,bird,vit_b_16,linear_head,bird,texture,0.9628459811210632
dog_to_bird_17,dog_to_bird,dog,bird,vit_b_16,linear_head,dog,shape,0.8255825638771057
dog_to_bird_18,dog_to_bird,dog,bird,vit_b_16,linear_head,dog,shape,0.9996922016143799
dog_to_bird_19,dog_to_bird,dog,bird,vit_b_16,linear_head,deer,other,0.9251610040664673
dog_to_bird_21,dog_to_bird,dog,bird,vit_b_16,linear_head,dog,shape,0.9722290635108948
dog_to_bird_22,dog_to_bird,dog,bird,vit_b_16,linear_head,dog,shape,0.8819341063499451
dog_to_bird_23,dog_to_bird,dog,bird,vit_b_16,linear_head,dog,shape,0.918612539768219
cat_to_dog_00,cat_to_dog,cat,dog,clip_vit_b_32,linear_head,cat,shape,0.23424610495567322
cat_to_dog_01,cat_to_dog,cat,dog,clip_vit_b_32,linear_head,cat,shape,0.16417694091796875
cat_to_dog_02,cat_to_dog,cat,dog,clip_vit_b_32,linear_head,cat,shape,0.15650306642055511
cat_to_dog_03,cat_to_dog,cat,dog,clip_vit_b_32,linear_head,cat,shape,0.15499642491340637
cat_to_dog_04,cat_to_dog,cat,dog,clip_vit_b_32,linear_head,cat,shape,0.24783514440059662
cat_to_dog_05,cat_to_dog,cat,dog,clip_vit_b_32,linear_head,cat,shape,0.1939634084701538
cat_to_dog_06,cat_to_dog,cat,dog,clip_vit_b_32,linear_head,cat,shape,0.2010633647441864
cat_to_dog_07,cat_to_dog,cat,dog,clip_vit_b_32,linear_head,cat,shape,0.25758257508277893
cat_to_dog_08,cat_to_dog,cat,dog,clip_vit_b_32,linear_head,cat,shape,0.18640761077404022
cat_to_dog_09,cat_to_dog,cat,dog,clip_vit_b_32,linear_head,cat,shape,0.22037433087825775
cat_to_dog_10,cat_to_dog,cat,dog,clip_vit_b_32,linear_head,cat,shape,0.21937108039855957
cat_to_dog_12,cat_to_dog,cat,dog,clip_vit_b_32,linear_head,cat,shape,0.20792101323604584
cat_to_dog_16,cat_to_dog,cat,dog,clip_vit_b_32,linear_head,deer,other,0.17347843945026398
cat_to_dog_18,cat_to_dog,cat,dog,clip_vit_b_32,linear_head,cat,shape,0.22126050293445587
cat_to_dog_19,cat_to_dog,cat,dog,clip_vit_b_32,linear_head,cat,shape,0.22750626504421234
cat_to_dog_20,cat_to_dog,cat,dog,clip_vit_b_32,linear_head,cat,shape,0.17966534197330475
cat_to_dog_21,cat_to_dog,cat,dog,clip_vit_b_32,linear_head,monkey,other,0.16568584740161896
cat_to_dog_22,cat_to_dog,cat,dog,clip_vit_b_32,linear_head,deer,other,0.17204755544662476
cat_to_dog_23,cat_to_dog,cat,dog,clip_vit_b_32,linear_head,monkey,other,0.18065497279167175
cat_to_dog_24,cat_to_dog,cat,dog,clip_vit_b_32,linear_head,cat,shape,0.22166775166988373
dog_to_cat_00,dog_to_cat,dog,cat,clip_vit_b_32,linear_head,dog,shape,0.23939891159534454
dog_to_cat_01,dog_to_cat,dog,cat,clip_vit_b_32,linear_head,dog,shape,0.16706770658493042
dog_to_cat_02,dog_to_cat,dog,cat,clip_vit_b_32,linear_head,cat,texture,0.1852114498615265
dog_to_cat_03,dog_to_cat,dog,cat,clip_vit_b_32,linear_head,dog,shape,0.1564779430627823
dog_to_cat_04,dog_to_cat,dog,cat,clip_vit_b_32,linear_head,dog,shape,0.20750930905342102
dog_to_cat_05,dog_to_cat,dog,cat,clip_vit_b_32,linear_head,dog,shape,0.2386607676744461
dog_to_cat_06,dog_to_cat,dog,cat,clip_vit_b_32,linear_head,cat,texture,0.14891715347766876
dog_to_cat_07,dog_to_cat,dog,cat,clip_vit_b_32,linear_head,dog,shape,0.17329919338226318
dog_to_cat_08,dog_to_cat,dog,cat,clip_vit_b_32,linear_head,monkey,other,0.15288880467414856
dog_to_cat_10,dog_to_cat,dog,cat,clip_vit_b_32,linear_head,monkey,other,0.15957915782928467
dog_to_cat_11,dog_to_cat,dog,cat,clip_vit_b_32,linear_head,dog,shape,0.17319993674755096
dog_to_cat_12,dog_to_cat,dog,cat,clip_vit_b_32,linear_head,monkey,other,0.13909289240837097
dog_to_cat_13,dog_to_cat,dog,cat,clip_vit_b_32,linear_head,dog,shape,0.23374591767787933
dog_to_cat_15,dog_to_cat,dog,cat,clip_vit_b_32,linear_head,cat,texture,0.1586504578590393
dog_to_cat_16,dog_to_cat,dog,cat,clip_vit_b_32,linear_head,cat,texture,0.15353280305862427
dog_to_cat_17,dog_to_cat,dog,cat,clip_vit_b_32,linear_head,cat,texture,0.16769255697727203
dog_to_cat_18,dog_to_cat,dog,cat,clip_vit_b_32,linear_head,monkey,other,0.2097507268190384
dog_to_cat_20,dog_to_cat,dog,cat,clip_vit_b_32,linear_head,dog,shape,0.2374257743358612
dog_to_cat_21,dog_to_cat,dog,cat,clip_vit_b_32,linear_head,dog,shape,0.1742515116930008
dog_to_cat_23,dog_to_cat,dog,cat,clip_vit_b_32,linear_head,dog,shape,0.22146448493003845
deer_to_horse_00,deer_to_horse,deer,horse,clip_vit_b_32,linear_head,deer,shape,0.20745128393173218
deer_to_horse_02,deer_to_horse,deer,horse,clip_vit_b_32,linear_head,deer,shape,0.2185555100440979
deer_to_horse_03,deer_to_horse,deer,horse,clip_vit_b_32,linear_head,deer,shape,0.1643642634153366
deer_to_horse_05,deer_to_horse,deer,horse,clip_vit_b_32,linear_head,deer,shape,0.23401109874248505
deer_to_horse_06,deer_to_horse,deer,horse,clip_vit_b_32,linear_head,monkey,other,0.12008721381425858
deer_to_horse_07,deer_to_horse,deer,horse,clip_vit_b_32,linear_head,bird,other,0.11676029860973358
deer_to_horse_08,deer_to_horse,deer,horse,clip_vit_b_32,linear_head,monkey,other,0.15059100091457367
deer_to_horse_09,deer_to_horse,deer,horse,clip_vit_b_32,linear_head,deer,shape,0.1505744904279709
deer_to_horse_10,deer_to_horse,deer,horse,clip_vit_b_32,linear_head,deer,shape,0.22946494817733765
deer_to_horse_11,deer_to_horse,deer,horse,clip_vit_b_32,linear_head,deer,shape,0.21500690281391144
deer_to_horse_14,deer_to_horse,deer,horse,clip_vit_b_32,linear_head,deer,shape,0.15640753507614136
deer_to_horse_15,deer_to_horse,deer,horse,clip_vit_b_32,linear_head,deer,shape,0.16410942375659943
deer_to_horse_16,deer_to_horse,deer,horse,clip_vit_b_32,linear_head,deer,shape,0.1501350849866867
deer_to_horse_17,deer_to_horse,deer,horse,clip_vit_b_32,linear_head,deer,shape,0.18369847536087036
deer_to_horse_18,deer_to_horse,deer,horse,clip_vit_b_32,linear_head,deer,shape,0.16928507387638092
deer_to_horse_19,deer_to_horse,deer,horse,clip_vit_b_32,linear_head,deer,shape,0.25657689571380615
deer_to_horse_21,deer_to_horse,deer,horse,clip_vit_b_32,linear_head,deer,shape,0.247010737657547
deer_to_horse_22,deer_to_horse,deer,horse,clip_vit_b_32,linear_head,deer,shape,0.16894066333770752
deer_to_horse_23,deer_to_horse,deer,horse,clip_vit_b_32,linear_head,deer,shape,0.20019963383674622
deer_to_horse_24,deer_to_horse,deer,horse,clip_vit_b_32,linear_head,deer,shape,0.24431681632995605
horse_to_deer_00,horse_to_deer,horse,deer,clip_vit_b_32,linear_head,horse,shape,0.14026446640491486
horse_to_deer_02,horse_to_deer,horse,deer,clip_vit_b_32,linear_head,horse,shape,0.24846845865249634
horse_to_deer_04,horse_to_deer,horse,deer,clip_vit_b_32,linear_head,horse,shape,0.16184961795806885
horse_to_deer_05,horse_to_deer,horse,deer,clip_vit_b_32,linear_head,horse,shape,0.11961523443460464
horse_to_deer_07,horse_to_deer,horse,deer,clip_vit_b_32,linear_head,horse,shape,0.18315716087818146
horse_to_deer_09,horse_to_deer,horse,deer,clip_vit_b_32,linear_head,horse,shape,0.2171318382024765
horse_to_deer_10,horse_to_deer,horse,deer,clip_vit_b_32,linear_head,horse,shape,0.2062034159898758
horse_to_deer_11,horse_to_deer,horse,deer,clip_vit_b_32,linear_head,horse,shape,0.1783088594675064
horse_to_deer_12,horse_to_deer,horse,deer,clip_vit_b_32,linear_head,horse,shape,0.130726158618927
horse_to_deer_13,horse_to_deer,horse,deer,clip_vit_b_32,linear_head,horse,shape,0.22722557187080383
horse_to_deer_14,horse_to_deer,horse,deer,clip_vit_b_32,linear_head,horse,shape,0.23593468964099884
horse_to_deer_15,horse_to_deer,horse,deer,clip_vit_b_32,linear_head,horse,shape,0.14779338240623474
horse_to_deer_16,horse_to_deer,horse,deer,clip_vit_b_32,linear_head,deer,texture,0.15545064210891724
horse_to_deer_18,horse_to_deer,horse,deer,clip_vit_b_32,linear_head,horse,shape,0.2095554620027542
horse_to_deer_19,horse_to_deer,horse,deer,clip_vit_b_32,linear_head,horse,shape,0.17377717792987823
horse_to_deer_20,horse_to_deer,horse,deer,clip_vit_b_32,linear_head,horse,shape,0.18597738444805145
horse_to_deer_21,horse_to_deer,horse,deer,clip_vit_b_32,linear_head,horse,shape,0.15561014413833618
horse_to_deer_22,horse_to_deer,horse,deer,clip_vit_b_32,linear_head,horse,shape,0.22667032480239868
horse_to_deer_23,horse_to_deer,horse,deer,clip_vit_b_32,linear_head,horse,shape,0.18629173934459686
horse_to_deer_24,horse_to_deer,horse,deer,clip_vit_b_32,linear_head,bird,other,0.14490118622779846
bird_to_cat_00,bird_to_cat,bird,cat,clip_vit_b_32,linear_head,bird,shape,0.1641169637441635
bird_to_cat_02,bird_to_cat,bird,cat,clip_vit_b_32,linear_head,bird,shape,0.24675828218460083
bird_to_cat_03,bird_to_cat,bird,cat,clip_vit_b_32,linear_head,cat,texture,0.1397867351770401
bird_to_cat_05,bird_to_cat,bird,cat,clip_vit_b_32,linear_head,bird,shape,0.17682841420173645
bird_to_cat_06,bird_to_cat,bird,cat,clip_vit_b_32,linear_head,bird,shape,0.15672245621681213
bird_to_cat_07,bird_to_cat,bird,cat,clip_vit_b_32,linear_head,bird,shape,0.16503790020942688
bird_to_cat_08,bird_to_cat,bird,cat,clip_vit_b_32,linear_head,bird,shape,0.24926301836967468
bird_to_cat_09,bird_to_cat,bird,cat,clip_vit_b_32,linear_head,bird,shape,0.2834315598011017
bird_to_cat_10,bird_to_cat,bird,cat,clip_vit_b_32,linear_head,bird,shape,0.15612158179283142
bird_to_cat_11,bird_to_cat,bird,cat,clip_vit_b_32,linear_head,bird,shape,0.29092419147491455
bird_to_cat_12,bird_to_cat,bird,cat,clip_vit_b_32,linear_head,bird,shape,0.24561652541160583
bird_to_cat_14,bird_to_cat,bird,cat,clip_vit_b_32,linear_head,bird,shape,0.16177639365196228
bird_to_cat_16,bird_to_cat,bird,cat,clip_vit_b_32,linear_head,monkey,other,0.1408187448978424
bird_to_cat_17,bird_to_cat,bird,cat,clip_vit_b_32,linear_head,bird,shape,0.17074356973171234
bird_to_cat_18,bird_to_cat,bird,cat,clip_vit_b_32,linear_head,bird,shape,0.1474643051624298
bird_to_cat_19,bird_to_cat,bird,cat,clip_vit_b_32,linear_head,bird,shape,0.16377335786819458
bird_to_cat_20,bird_to_cat,bird,cat,clip_vit_b_32,linear_head,bird,shape,0.23179571330547333
bird_to_cat_21,bird_to_cat,bird,cat,clip_vit_b_32,linear_head,bird,shape,0.11499017477035522
bird_to_cat_22,bird_to_cat,bird,cat,clip_vit_b_32,linear_head,bird,shape,0.20624078810214996
bird_to_cat_24,bird_to_cat,bird,cat,clip_vit_b_32,linear_head,bird,shape,0.18794073164463043
cat_to_bird_00,cat_to_bird,cat,bird,clip_vit_b_32,linear_head,cat,shape,0.1457359939813614
cat_to_bird_02,cat_to_bird,cat,bird,clip_vit_b_32,linear_head,cat,shape,0.11689436435699463
cat_to_bird_05,cat_to_bird,cat,bird,clip_vit_b_32,linear_head,cat,shape,0.13700824975967407
cat_to_bird_06,cat_to_bird,cat,bird,clip_vit_b_32,linear_head,cat,shape,0.22468926012516022
cat_to_bird_07,cat_to_bird,cat,bird,clip_vit_b_32,linear_head,cat,shape,0.22966231405735016
cat_to_bird_08,cat_to_bird,cat,bird,clip_vit_b_32,linear_head,cat,shape,0.21340548992156982
cat_to_bird_09,cat_to_bird,cat,bird,clip_vit_b_32,linear_head,cat,shape,0.17357176542282104
cat_to_bird_10,cat_to_bird,cat,bird,clip_vit_b_32,linear_head,monkey,other,0.19236363470554352
cat_to_bird_12,cat_to_bird,cat,bird,clip_vit_b_32,linear_head,cat,shape,0.20619483292102814
cat_to_bird_13,cat_to_bird,cat,bird,clip_vit_b_32,linear_head,cat,shape,0.13539771735668182
cat_to_bird_14,cat_to_bird,cat,bird,clip_vit_b_32,linear_head,deer,other,0.18475398421287537
cat_to_bird_15,cat_to_bird,cat,bird,clip_vit_b_32,linear_head,bird,texture,0.16717757284641266
cat_to_bird_16,cat_to_bird,cat,bird,clip_vit_b_32,linear_head,cat,shape,0.2047145813703537
cat_to_bird_18,cat_to_bird,cat,bird,clip_vit_b_32,linear_head,cat,shape,0.2300872653722763
cat_to_bird_19,cat_to_bird,cat,bird,clip_vit_b_32,linear_head,cat,shape,0.16771391034126282
cat_to_bird_20,cat_to_bird,cat,bird,clip_vit_b_32,linear_head,cat,shape,0.24244417250156403
cat_to_bird_21,cat_to_bird,cat,bird,clip_vit_b_32,linear_head,cat,shape,0.2494359314441681
cat_to_bird_22,cat_to_bird,cat,bird,clip_vit_b_32,linear_head,cat,shape,0.210379958152771
cat_to_bird_23,cat_to_bird,cat,bird,clip_vit_b_32,linear_head,cat,shape,0.20709359645843506
cat_to_bird_24,cat_to_bird,cat,bird,clip_vit_b_32,linear_head,cat,shape,0.20351603627204895
horse_to_dog_00,horse_to_dog,horse,dog,clip_vit_b_32,linear_head,horse,shape,0.2143169641494751
horse_to_dog_02,horse_to_dog,horse,dog,clip_vit_b_32,linear_head,horse,shape,0.2296123504638672
horse_to_dog_04,horse_to_dog,horse,dog,clip_vit_b_32,linear_head,horse,shape,0.22360222041606903
horse_to_dog_05,horse_to_dog,horse,dog,clip_vit_b_32,linear_head,horse,shape,0.19257064163684845
horse_to_dog_06,horse_to_dog,horse,dog,clip_vit_b_32,linear_head,horse,shape,0.2208443135023117
horse_to_dog_07,horse_to_dog,horse,dog,clip_vit_b_32,linear_head,horse,shape,0.1766911894083023
horse_to_dog_08,horse_to_dog,horse,dog,clip_vit_b_32,linear_head,horse,shape,0.20640718936920166
horse_to_dog_09,horse_to_dog,horse,dog,clip_vit_b_32,linear_head,horse,shape,0.21702887117862701
horse_to_dog_10,horse_to_dog,horse,dog,clip_vit_b_32,linear_head,horse,shape,0.1800481230020523
horse_to_dog_11,horse_to_dog,horse,dog,clip_vit_b_32,linear_head,horse,shape,0.20913457870483398
horse_to_dog_12,horse_to_dog,horse,dog,clip_vit_b_32,linear_head,horse,shape,0.13788239657878876
horse_to_dog_13,horse_to_dog,horse,dog,clip_vit_b_32,linear_head,horse,shape,0.21030858159065247
horse_to_dog_14,horse_to_dog,horse,dog,clip_vit_b_32,linear_head,horse,shape,0.15086685121059418
horse_to_dog_17,horse_to_dog,horse,dog,clip_vit_b_32,linear_head,horse,shape,0.21039555966854095
horse_to_dog_18,horse_to_dog,horse,dog,clip_vit_b_32,linear_head,horse,shape,0.20043498277664185
horse_to_dog_19,horse_to_dog,horse,dog,clip_vit_b_32,linear_head,deer,other,0.18060894310474396
horse_to_dog_20,horse_to_dog,horse,dog,clip_vit_b_32,linear_head,horse,shape,0.17881086468696594
horse_to_dog_22,horse_to_dog,horse,dog,clip_vit_b_32,linear_head,horse,shape,0.1783481389284134
horse_to_dog_23,horse_to_dog,horse,dog,clip_vit_b_32,linear_head,monkey,other,0.15534009039402008
horse_to_dog_24,horse_to_dog,horse,dog,clip_vit_b_32,linear_head,horse,shape,0.17118652164936066
dog_to_horse_00,dog_to_horse,dog,horse,clip_vit_b_32,linear_head,dog,shape,0.17400439083576202
dog_to_horse_02,dog_to_horse,dog,horse,clip_vit_b_32,linear_head,horse,texture,0.11316010355949402
dog_to_horse_03,dog_to_horse,dog,horse,clip_vit_b_32,linear_head,monkey,other,0.13545668125152588
dog_to_horse_05,dog_to_horse,dog,horse,clip_vit_b_32,linear_head,dog,shape,0.2160334587097168
dog_to_horse_06,dog_to_horse,dog,horse,clip_vit_b_32,linear_head,cat,other,0.16262505948543549
dog_to_horse_07,dog_to_horse,dog,horse,clip_vit_b_32,linear_head,deer,other,0.2143501341342926
dog_to_horse_09,dog_to_horse,dog,horse,clip_vit_b_32,linear_head,cat,other,0.15189902484416962
dog_to_horse_11,dog_to_horse,dog,horse,clip_vit_b_32,linear_head,dog,shape,0.21345189213752747
dog_to_horse_12,dog_to_horse,dog,horse,clip_vit_b_32,linear_head,cat,other,0.11663151532411575
dog_to_horse_13,dog_to_horse,dog,horse,clip_vit_b_32,linear_head,dog,shape,0.1659393310546875
dog_to_horse_14,dog_to_horse,dog,horse,clip_vit_b_32,linear_head,dog,shape,0.2019701451063156
dog_to_horse_15,dog_to_horse,dog,horse,clip_vit_b_32,linear_head,horse,texture,0.14279310405254364
dog_to_horse_17,dog_to_horse,dog,horse,clip_vit_b_32,linear_head,dog,shape,0.17412643134593964
dog_to_horse_18,dog_to_horse,dog,horse,clip_vit_b_32,linear_head,dog,shape,0.1253986656665802
dog_to_horse_19,dog_to_horse,dog,horse,clip_vit_b_32,linear_head,dog,shape,0.222823366522789
dog_to_horse_20,dog_to_horse,dog,horse,clip_vit_b_32,linear_head,dog,shape,0.1617695391178131
dog_to_horse_21,dog_to_horse,dog,horse,clip_vit_b_32,linear_head,dog,shape,0.20540401339530945
dog_to_horse_22,dog_to_horse,dog,horse,clip_vit_b_32,linear_head,dog,shape,0.17150196433067322
dog_to_horse_23,dog_to_horse,dog,horse,clip_vit_b_32,linear_head,dog,shape,0.2145431786775589
dog_to_horse_24,dog_to_horse,dog,horse,clip_vit_b_32,linear_head,dog,shape,0.16819453239440918
bird_to_dog_00,bird_to_dog,bird,dog,clip_vit_b_32,linear_head,monkey,other,0.1665399968624115
bird_to_dog_01,bird_to_dog,bird,dog,clip_vit_b_32,linear_head,bird,shape,0.15127988159656525
bird_to_dog_03,bird_to_dog,bird,dog,clip_vit_b_32,linear_head,cat,other,0.18047483265399933
bird_to_dog_04,bird_to_dog,bird,dog,clip_vit_b_32,linear_head,monkey,other,0.146436870098114
bird_to_dog_05,bird_to_dog,bird,dog,clip_vit_b_32,linear_head,bird,shape,0.1758216768503189
bird_to_dog_06,bird_to_dog,bird,dog,clip_vit_b_32,linear_head,bird,shape,0.23240403831005096
bird_to_dog_08,bird_to_dog,bird,dog,clip_vit_b_32,linear_head,bird,shape,0.1871192902326584
bird_to_dog_11,bird_to_dog,bird,dog,clip_vit_b_32,linear_head,monkey,other,0.16503049433231354
bird_to_dog_12,bird_to_dog,bird,dog,clip_vit_b_32,linear_head,bird,shape,0.19036774337291718
bird_to_dog_14,bird_to_dog,bird,dog,clip_vit_b_32,linear_head,bird,shape,0.19081243872642517
bird_to_dog_15,bird_to_dog,bird,dog,clip_vit_b_32,linear_head,bird,shape,0.2232636958360672
bird_to_dog_16,bird_to_dog,bird,dog,clip_vit_b_32,linear_head,bird,shape,0.1534930318593979
bird_to_dog_17,bird_to_dog,bird,dog,clip_vit_b_32,linear_head,bird,shape,0.25525957345962524
bird_to_dog_18,bird_to_dog,bird,dog,clip_vit_b_32,linear_head,bird,shape,0.16230814158916473
bird_to_dog_19,bird_to_dog,bird,dog,clip_vit_b_32,linear_head,monkey,other,0.15223734080791473
bird_to_dog_20,bird_to_dog,bird,dog,clip_vit_b_32,linear_head,bird,shape,0.14002376794815063
bird_to_dog_21,bird_to_dog,bird,dog,clip_vit_b_32,linear_head,bird,shape,0.1612996906042099
bird_to_dog_22,bird_to_dog,bird,dog,clip_vit_b_32,linear_head,bird,shape,0.17888933420181274
bird_to_dog_23,bird_to_dog,bird,dog,clip_vit_b_32,linear_head,bird,shape,0.16992038488388062
bird_to_dog_24,bird_to_dog,bird,dog,clip_vit_b_32,linear_head,bird,shape,0.18727286159992218
dog_to_bird_00,dog_to_bird,dog,bird,clip_vit_b_32,linear_head,dog,shape,0.17138785123825073
dog_to_bird_01,dog_to_bird,dog,bird,clip_vit_b_32,linear_head,dog,shape,0.20021946728229523
dog_to_bird_02,dog_to_bird,dog,bird,clip_vit_b_32,linear_head,cat,other,0.16728471219539642
dog_to_bird_03,dog_to_bird,dog,bird,clip_vit_b_32,linear_head,dog,shape,0.18287807703018188
dog_to_bird_05,dog_to_bird,dog,bird,clip_vit_b_32,linear_head,dog,shape,0.16279566287994385
dog_to_bird_06,dog_to_bird,dog,bird,clip_vit_b_32,linear_head,dog,shape,0.14861956238746643
dog_to_bird_07,dog_to_bird,dog,bird,clip_vit_b_32,linear_head,cat,other,0.15455426275730133
dog_to_bird_08,dog_to_bird,dog,bird,clip_vit_b_32,linear_head,dog,shape,0.2158813327550888
dog_to_bird_10,dog_to_bird,dog,bird,clip_vit_b_32,linear_head,dog,shape,0.2272406816482544
dog_to_bird_12,dog_to_bird,dog,bird,clip_vit_b_32,linear_head,dog,shape,0.15151137113571167
dog_to_bird_13,dog_to_bird,dog,bird,clip_vit_b_32,linear_head,monkey,other,0.2181980162858963
dog_to_bird_14,dog_to_bird,dog,bird,clip_vit_b_32,linear_head,deer,other,0.2312418818473816
dog_to_bird_15,dog_to_bird,dog,bird,clip_vit_b_32,linear_head,dog,shape,0.16879430413246155
dog_to_bird_16,dog_to_bird,dog,bird,clip_vit_b_32,linear_head,dog,shape,0.14110977947711945
dog_to_bird_17,dog_to_bird,dog,bird,clip_vit_b_32,linear_head,dog,shape,0.1490831822156906
dog_to_bird_18,dog_to_bird,dog,bird,clip_vit_b_32,linear_head,dog,shape,0.20842106640338898
dog_to_bird_19,dog_to_bird,dog,bird,clip_vit_b_32,linear_head,cat,other,0.134295254945755
dog_to_bird_21,dog_to_bird,dog,bird,clip_vit_b_32,linear_head,dog,shape,0.22485165297985077
dog_to_bird_22,dog_to_bird,dog,bird,clip_vit_b_32,linear_head,dog,shape,0.19676938652992249
dog_to_bird_23,dog_to_bird,dog,bird,clip_vit_b_32,linear_head,monkey,other,0.172617569565773
cat_to_dog_00,cat_to_dog,cat,dog,clip_vit_b_32,zero_shot,cat,shape,0.9885614514350891
cat_to_dog_01,cat_to_dog,cat,dog,clip_vit_b_32,zero_shot,monkey,other,0.8113285303115845
cat_to_dog_02,cat_to_dog,cat,dog,clip_vit_b_32,zero_shot,dog,texture,0.6239153146743774
cat_to_dog_03,cat_to_dog,cat,dog,clip_vit_b_32,zero_shot,cat,shape,0.4283178150653839
cat_to_dog_04,cat_to_dog,cat,dog,clip_vit_b_32,zero_shot,cat,shape,0.9506994485855103
cat_to_dog_05,cat_to_dog,cat,dog,clip_vit_b_32,zero_shot,cat,shape,0.8196794986724854
cat_to_dog_06,cat_to_dog,cat,dog,clip_vit_b_32,zero_shot,cat,shape,0.9201635122299194
cat_to_dog_07,cat_to_dog,cat,dog,clip_vit_b_32,zero_shot,cat,shape,0.9860271215438843
cat_to_dog_08,cat_to_dog,cat,dog,clip_vit_b_32,zero_shot,cat,shape,0.9628773927688599
cat_to_dog_09,cat_to_dog,cat,dog,clip_vit_b_32,zero_shot,cat,shape,0.9829619526863098
cat_to_dog_10,cat_to_dog,cat,dog,clip_vit_b_32,zero_shot,cat,shape,0.9646298289299011
cat_to_dog_12,cat_to_dog,cat,dog,clip_vit_b_32,zero_shot,cat,shape,0.906865656375885
cat_to_dog_16,cat_to_dog,cat,dog,clip_vit_b_32,zero_shot,horse,other,0.5541836619377136
cat_to_dog_18,cat_to_dog,cat,dog,clip_vit_b_32,zero_shot,cat,shape,0.9490957856178284
cat_to_dog_19,cat_to_dog,cat,dog,clip_vit_b_32,zero_shot,cat,shape,0.9901981353759766
cat_to_dog_20,cat_to_dog,cat,dog,clip_vit_b_32,zero_shot,dog,texture,0.7317966818809509
cat_to_dog_21,cat_to_dog,cat,dog,clip_vit_b_32,zero_shot,monkey,other,0.783248245716095
cat_to_dog_22,cat_to_dog,cat,dog,clip_vit_b_32,zero_shot,deer,other,0.9246466755867004
cat_to_dog_23,cat_to_dog,cat,dog,clip_vit_b_32,zero_shot,monkey,other,0.9474833011627197
cat_to_dog_24,cat_to_dog,cat,dog,clip_vit_b_32,zero_shot,cat,shape,0.7594919204711914
dog_to_cat_00,dog_to_cat,dog,cat,clip_vit_b_32,zero_shot,dog,shape,0.9901973009109497
dog_to_cat_01,dog_to_cat,dog,cat,clip_vit_b_32,zero_shot,dog,shape,0.8439157009124756
dog_to_cat_02,dog_to_cat,dog,cat,clip_vit_b_32,zero_shot,cat,texture,0.8990038633346558
dog_to_cat_03,dog_to_cat,dog,cat,clip_vit_b_32,zero_shot,dog,shape,0.6530885696411133
dog_to_cat_04,dog_to_cat,dog,cat,clip_vit_b_32,zero_shot,dog,shape,0.960993766784668
dog_to_cat_05,dog_to_cat,dog,cat,clip_vit_b_32,zero_shot,dog,shape,0.9862325191497803
dog_to_cat_06,dog_to_cat,dog,cat,clip_vit_b_32,zero_shot,dog,shape,0.5384160280227661
dog_to_cat_07,dog_to_cat,dog,cat,clip_vit_b_32,zero_shot,dog,shape,0.9170852303504944
dog_to_cat_08,dog_to_cat,dog,cat,clip_vit_b_32,zero_shot,dog,shape,0.5356235504150391
dog_to_cat_10,dog_to_cat,dog,cat,clip_vit_b_32,zero_shot,monkey,other,0.6826372146606445
dog_to_cat_11,dog_to_cat,dog,cat,clip_vit_b_32,zero_shot,dog,shape,0.673836886882782
dog_to_cat_12,dog_to_cat,dog,cat,clip_vit_b_32,zero_shot,monkey,other,0.36169567704200745
dog_to_cat_13,dog_to_cat,dog,cat,clip_vit_b_32,zero_shot,dog,shape,0.9702504873275757
dog_to_cat_15,dog_to_cat,dog,cat,clip_vit_b_32,zero_shot,dog,shape,0.7291930913925171
dog_to_cat_16,dog_to_cat,dog,cat,clip_vit_b_32,zero_shot,dog,shape,0.3336586654186249
dog_to_cat_17,dog_to_cat,dog,cat,clip_vit_b_32,zero_shot,dog,shape,0.38480344414711
dog_to_cat_18,dog_to_cat,dog,cat,clip_vit_b_32,zero_shot,monkey,other,0.8269582986831665
dog_to_cat_20,dog_to_cat,dog,cat,clip_vit_b_32,zero_shot,dog,shape,0.9842171669006348
dog_to_cat_21,dog_to_cat,dog,cat,clip_vit_b_32,zero_shot,dog,shape,0.8012507557868958
dog_to_cat_23,dog_to_cat,dog,cat,clip_vit_b_32,zero_shot,dog,shape,0.9902050495147705
deer_to_horse_00,deer_to_horse,deer,horse,clip_vit_b_32,zero_shot,deer,shape,0.9865809679031372
deer_to_horse_02,deer_to_horse,deer,horse,clip_vit_b_32,zero_shot,deer,shape,0.9857827425003052
deer_to_horse_03,deer_to_horse,deer,horse,clip_vit_b_32,zero_shot,deer,shape,0.6196995377540588
deer_to_horse_05,deer_to_horse,deer,horse,clip_vit_b_32,zero_shot,deer,shape,0.9969095587730408
deer_to_horse_06,deer_to_horse,deer,horse,clip_vit_b_32,zero_shot,monkey,other,0.38769081234931946
deer_to_horse_07,deer_to_horse,deer,horse,clip_vit_b_32,zero_shot,bird,other,0.2395898997783661
deer_to_horse_08,deer_to_horse,deer,horse,clip_vit_b_32,zero_shot,deer,shape,0.7809799313545227
deer_to_horse_09,deer_to_horse,deer,horse,clip_vit_b_32,zero_shot,deer,shape,0.6025229096412659
deer_to_horse_10,deer_to_horse,deer,horse,clip_vit_b_32,zero_shot,deer,shape,0.9967581629753113
deer_to_horse_11,deer_to_horse,deer,horse,clip_vit_b_32,zero_shot,deer,shape,0.9639591574668884
deer_to_horse_14,deer_to_horse,deer,horse,clip_vit_b_32,zero_shot,deer,shape,0.9797347187995911
deer_to_horse_15,deer_to_horse,deer,horse,clip_vit_b_32,zero_shot,deer,shape,0.8782076835632324
deer_to_horse_16,deer_to_horse,deer,horse,clip_vit_b_32,zero_shot,horse,texture,0.659694254398346
deer_to_horse_17,deer_to_horse,deer,horse,clip_vit_b_32,zero_shot,deer,shape,0.9005885720252991
deer_to_horse_18,deer_to_horse,deer,horse,clip_vit_b_32,zero_shot,deer,shape,0.7805103063583374
deer_to_horse_19,deer_to_horse,deer,horse,clip_vit_b_32,zero_shot,deer,shape,0.9982238411903381
deer_to_horse_21,deer_to_horse,deer,horse,clip_vit_b_32,zero_shot,deer,shape,0.9965542554855347
deer_to_horse_22,deer_to_horse,deer,horse,clip_vit_b_32,zero_shot,deer,shape,0.5236518979072571
deer_to_horse_23,deer_to_horse,deer,horse,clip_vit_b_32,zero_shot,deer,shape,0.9771937131881714
deer_to_horse_24,deer_to_horse,deer,horse,clip_vit_b_32,zero_shot,deer,shape,0.989859402179718
horse_to_deer_00,horse_to_deer,horse,deer,clip_vit_b_32,zero_shot,horse,shape,0.7675289511680603
horse_to_deer_02,horse_to_deer,horse,deer,clip_vit_b_32,zero_shot,horse,shape,0.9919706583023071
horse_to_deer_04,horse_to_deer,horse,deer,clip_vit_b_32,zero_shot,horse,shape,0.846091091632843
horse_to_deer_05,horse_to_deer,horse,deer,clip_vit_b_32,zero_shot,horse,shape,0.5866531729698181
horse_to_deer_07,horse_to_deer,horse,deer,clip_vit_b_32,zero_shot,horse,shape,0.9386582970619202
horse_to_deer_09,horse_to_deer,horse,deer,clip_vit_b_32,zero_shot,horse,shape,0.9844970703125
horse_to_deer_10,horse_to_deer,horse,deer,clip_vit_b_32,zero_shot,horse,shape,0.9544321298599243
horse_to_deer_11,horse_to_deer,horse,deer,clip_vit_b_32,zero_shot,horse,shape,0.9543029069900513
horse_to_deer_12,horse_to_deer,horse,deer,clip_vit_b_32,zero_shot,horse,shape,0.5398733615875244
horse_to_deer_13,horse_to_deer,horse,deer,clip_vit_b_32,zero_shot,horse,shape,0.9964864253997803
horse_to_deer_14,horse_to_deer,horse,deer,clip_vit_b_32,zero_shot,horse,shape,0.9868093729019165
horse_to_deer_15,horse_to_deer,horse,deer,clip_vit_b_32,zero_shot,horse,shape,0.7583497166633606
horse_to_deer_16,horse_to_deer,horse,deer,clip_vit_b_32,zero_shot,horse,shape,0.9182053208351135
horse_to_deer_18,horse_to_deer,horse,deer,clip_vit_b_32,zero_shot,horse,shape,0.9941436648368835
horse_to_deer_19,horse_to_deer,horse,deer,clip_vit_b_32,zero_shot,horse,shape,0.9426057934761047
horse_to_deer_20,horse_to_deer,horse,deer,clip_vit_b_32,zero_shot,horse,shape,0.9763070940971375
horse_to_deer_21,horse_to_deer,horse,deer,clip_vit_b_32,zero_shot,horse,shape,0.8939288854598999
horse_to_deer_22,horse_to_deer,horse,deer,clip_vit_b_32,zero_shot,horse,shape,0.9971696734428406
horse_to_deer_23,horse_to_deer,horse,deer,clip_vit_b_32,zero_shot,horse,shape,0.9500818252563477
horse_to_deer_24,horse_to_deer,horse,deer,clip_vit_b_32,zero_shot,bird,other,0.6455572247505188
bird_to_cat_00,bird_to_cat,bird,cat,clip_vit_b_32,zero_shot,bird,shape,0.6906452178955078
bird_to_cat_02,bird_to_cat,bird,cat,clip_vit_b_32,zero_shot,bird,shape,0.9966129660606384
bird_to_cat_03,bird_to_cat,bird,cat,clip_vit_b_32,zero_shot,monkey,other,0.3490779995918274
bird_to_cat_05,bird_to_cat,bird,cat,clip_vit_b_32,zero_shot,bird,shape,0.8375492691993713
bird_to_cat_06,bird_to_cat,bird,cat,clip_vit_b_32,zero_shot,bird,shape,0.5453909039497375
bird_to_cat_07,bird_to_cat,bird,cat,clip_vit_b_32,zero_shot,bird,shape,0.8997817635536194
bird_to_cat_08,bird_to_cat,bird,cat,clip_vit_b_32,zero_shot,bird,shape,0.9967404007911682
bird_to_cat_09,bird_to_cat,bird,cat,clip_vit_b_32,zero_shot,bird,shape,0.9947920441627502
bird_to_cat_10,bird_to_cat,bird,cat,clip_vit_b_32,zero_shot,monkey,other,0.7660009860992432
bird_to_cat_11,bird_to_cat,bird,cat,clip_vit_b_32,zero_shot,bird,shape,0.9988173842430115
bird_to_cat_12,bird_to_cat,bird,cat,clip_vit_b_32,zero_shot,bird,shape,0.9948058724403381
bird_to_cat_14,bird_to_cat,bird,cat,clip_vit_b_32,zero_shot,bird,shape,0.7267066240310669
bird_to_cat_16,bird_to_cat,bird,cat,clip_vit_b_32,zero_shot,monkey,other,0.38447603583335876
bird_to_cat_17,bird_to_cat,bird,cat,clip_vit_b_32,zero_shot,bird,shape,0.67961186170578
bird_to_cat_18,bird_to_cat,bird,cat,clip_vit_b_32,zero_shot,bird,shape,0.7890201210975647
bird_to_cat_19,bird_to_cat,bird,cat,clip_vit_b_32,zero_shot,bird,shape,0.6332099437713623
bird_to_cat_20,bird_to_cat,bird,cat,clip_vit_b_32,zero_shot,bird,shape,0.9305594563484192
bird_to_cat_21,bird_to_cat,bird,cat,clip_vit_b_32,zero_shot,dog,other,0.28740978240966797
bird_to_cat_22,bird_to_cat,bird,cat,clip_vit_b_32,zero_shot,bird,shape,0.968441367149353
bird_to_cat_24,bird_to_cat,bird,cat,clip_vit_b_32,zero_shot,bird,shape,0.9668017625808716
cat_to_bird_00,cat_to_bird,cat,bird,clip_vit_b_32,zero_shot,cat,shape,0.5052158832550049
cat_to_bird_02,cat_to_bird,cat,bird,clip_vit_b_32,zero_shot,monkey,other,0.6410315632820129
cat_to_bird_05,cat_to_bird,cat,bird,clip_vit_b_32,zero_shot,monkey,other,0.6070830821990967
cat_to_bird_06,cat_to_bird,cat,bird,clip_vit_b_32,zero_shot,cat,shape,0.9804555177688599
cat_to_bird_07,cat_to_bird,cat,bird,clip_vit_b_32,zero_shot,cat,shape,0.984350323677063
cat_to_bird_08,cat_to_bird,cat,bird,clip_vit_b_32,zero_shot,cat,shape,0.9552082419395447
cat_to_bird_09,cat_to_bird,cat,bird,clip_vit_b_32,zero_shot,cat,shape,0.4482443928718567
cat_to_bird_10,cat_to_bird,cat,bird,clip_vit_b_32,zero_shot,monkey,other,0.9042584896087646
cat_to_bird_12,cat_to_bird,cat,bird,clip_vit_b_32,zero_shot,cat,shape,0.9001564979553223
cat_to_bird_13,cat_to_bird,cat,bird,clip_vit_b_32,zero_shot,monkey,other,0.3902365565299988
cat_to_bird_14,cat_to_bird,cat,bird,clip_vit_b_32,zero_shot,deer,other,0.9831899404525757
cat_to_bird_15,cat_to_bird,cat,bird,clip_vit_b_32,zero_shot,bird,texture,0.9079198241233826
cat_to_bird_16,cat_to_bird,cat,bird,clip_vit_b_32,zero_shot,cat,shape,0.8647909760475159
cat_to_bird_18,cat_to_bird,cat,bird,clip_vit_b_32,zero_shot,cat,shape,0.9367203712463379
cat_to_bird_19,cat_to_bird,cat,bird,clip_vit_b_32,zero_shot,deer,other,0.9036983847618103
cat_to_bird_20,cat_to_bird,cat,bird,clip_vit_b_32,zero_shot,cat,shape,0.9853591918945312
cat_to_bird_21,cat_to_bird,cat,bird,clip_vit_b_32,zero_shot,cat,shape,0.98557448387146
cat_to_bird_22,cat_to_bird,cat,bird,clip_vit_b_32,zero_shot,cat,shape,0.9541304707527161
cat_to_bird_23,cat_to_bird,cat,bird,clip_vit_b_32,zero_shot,monkey,other,0.5903675556182861
cat_to_bird_24,cat_to_bird,cat,bird,clip_vit_b_32,zero_shot,cat,shape,0.8273693919181824
horse_to_dog_00,horse_to_dog,horse,dog,clip_vit_b_32,zero_shot,horse,shape,0.998358428478241
horse_to_dog_02,horse_to_dog,horse,dog,clip_vit_b_32,zero_shot,horse,shape,0.997054934501648
horse_to_dog_04,horse_to_dog,horse,dog,clip_vit_b_32,zero_shot,horse,shape,0.987068772315979
horse_to_dog_05,horse_to_dog,horse,dog,clip_vit_b_32,zero_shot,horse,shape,0.987743616104126
horse_to_dog_06,horse_to_dog,horse,dog,clip_vit_b_32,zero_shot,horse,shape,0.9936916828155518
horse_to_dog_07,horse_to_dog,horse,dog,clip_vit_b_32,zero_shot,horse,shape,0.9637708067893982
horse_to_dog_08,horse_to_dog,horse,dog,clip_vit_b_32,zero_shot,horse,shape,0.9914786219596863
horse_to_dog_09,horse_to_dog,horse,dog,clip_vit_b_32,zero_shot,horse,shape,0.9866484999656677
horse_to_dog_10,horse_to_dog,horse,dog,clip_vit_b_32,zero_shot,dog,texture,0.7328911423683167
horse_to_dog_11,horse_to_dog,horse,dog,clip_vit_b_32,zero_shot,horse,shape,0.9839514493942261
horse_to_dog_12,horse_to_dog,horse,dog,clip_vit_b_32,zero_shot,horse,shape,0.6647524833679199
horse_to_dog_13,horse_to_dog,horse,dog,clip_vit_b_32,zero_shot,horse,shape,0.9888224601745605
horse_to_dog_14,horse_to_dog,horse,dog,clip_vit_b_32,zero_shot,horse,shape,0.471170574426651
horse_to_dog_17,horse_to_dog,horse,dog,clip_vit_b_32,zero_shot,horse,shape,0.9857704639434814
horse_to_dog_18,horse_to_dog,horse,dog,clip_vit_b_32,zero_shot,horse,shape,0.9764117002487183
horse_to_dog_19,horse_to_dog,horse,dog,clip_vit_b_32,zero_shot,horse,shape,0.7180211544036865
horse_to_dog_20,horse_to_dog,horse,dog,clip_vit_b_32,zero_shot,horse,shape,0.932183027267456
horse_to_dog_22,horse_to_dog,horse,dog,clip_vit_b_32,zero_shot,horse,shape,0.9462332725524902
horse_to_dog_23,horse_to_dog,horse,dog,clip_vit_b_32,zero_shot,horse,shape,0.45747119188308716
horse_to_dog_24,horse_to_dog,horse,dog,clip_vit_b_32,zero_shot,horse,shape,0.967570424079895
dog_to_horse_00,dog_to_horse,dog,horse,clip_vit_b_32,zero_shot,dog,shape,0.9465895891189575
dog_to_horse_02,dog_to_horse,dog,horse,clip_vit_b_32,zero_shot,monkey,other,0.2820199728012085
dog_to_horse_03,dog_to_horse,dog,horse,clip_vit_b_32,zero_shot,dog,shape,0.34683746099472046
dog_to_horse_05,dog_to_horse,dog,horse,clip_vit_b_32,zero_shot,dog,shape,0.971114456653595
dog_to_horse_06,dog_to_horse,dog,horse,clip_vit_b_32,zero_shot,cat,other,0.6620160341262817
dog_to_horse_07,dog_to_horse,dog,horse,clip_vit_b_32,zero_shot,deer,other,0.9748571515083313
dog_to_horse_09,dog_to_horse,dog,horse,clip_vit_b_32,zero_shot,dog,shape,0.5805792212486267
dog_to_horse_11,dog_to_horse,dog,horse,clip_vit_b_32,zero_shot,dog,shape,0.9519807696342468
dog_to_horse_12,dog_to_horse,dog,horse,clip_vit_b_32,zero_shot,monkey,other,0.2974080741405487
dog_to_horse_13,dog_to_horse,dog,horse,clip_vit_b_32,zero_shot,dog,shape,0.7895253896713257
dog_to_horse_14,dog_to_horse,dog,horse,clip_vit_b_32,zero_shot,dog,shape,0.9737062454223633
dog_to_horse_15,dog_to_horse,dog,horse,clip_vit_b_32,zero_shot,horse,texture,0.7727790474891663
dog_to_horse_17,dog_to_horse,dog,horse,clip_vit_b_32,zero_shot,dog,shape,0.9090129733085632
dog_to_horse_18,dog_to_horse,dog,horse,clip_vit_b_32,zero_shot,monkey,other,0.3519527316093445
dog_to_horse_19,dog_to_horse,dog,horse,clip_vit_b_32,zero_shot,dog,shape,0.9685964584350586
dog_to_horse_20,dog_to_horse,dog,horse,clip_vit_b_32,zero_shot,dog,shape,0.5024744868278503
dog_to_horse_21,dog_to_horse,dog,horse,clip_vit_b_32,zero_shot,dog,shape,0.9565834999084473
dog_to_horse_22,dog_to_horse,dog,horse,clip_vit_b_32,zero_shot,monkey,other,0.6844753623008728
dog_to_horse_23,dog_to_horse,dog,horse,clip_vit_b_32,zero_shot,dog,shape,0.9690913558006287
dog_to_horse_24,dog_to_horse,dog,horse,clip_vit_b_32,zero_shot,dog,shape,0.9107054471969604
bird_to_dog_00,bird_to_dog,bird,dog,clip_vit_b_32,zero_shot,monkey,other,0.838184654712677
bird_to_dog_01,bird_to_dog,bird,dog,clip_vit_b_32,zero_shot,bird,shape,0.713858962059021
bird_to_dog_03,bird_to_dog,bird,dog,clip_vit_b_32,zero_shot,bird,shape,0.47690021991729736
bird_to_dog_04,bird_to_dog,bird,dog,clip_vit_b_32,zero_shot,monkey,other,0.5300223231315613
bird_to_dog_05,bird_to_dog,bird,dog,clip_vit_b_32,zero_shot,bird,shape,0.9306570887565613
bird_to_dog_06,bird_to_dog,bird,dog,clip_vit_b_32,zero_shot,bird,shape,0.9400557279586792
bird_to_dog_08,bird_to_dog,bird,dog,clip_vit_b_32,zero_shot,bird,shape,0.9357010126113892
bird_to_dog_11,bird_to_dog,bird,dog,clip_vit_b_32,zero_shot,monkey,other,0.9184003472328186
bird_to_dog_12,bird_to_dog,bird,dog,clip_vit_b_32,zero_shot,bird,shape,0.9546887874603271
bird_to_dog_14,bird_to_dog,bird,dog,clip_vit_b_32,zero_shot,bird,shape,0.8962520360946655
bird_to_dog_15,bird_to_dog,bird,dog,clip_vit_b_32,zero_shot,bird,shape,0.9941944479942322
bird_to_dog_16,bird_to_dog,bird,dog,clip_vit_b_32,zero_shot,monkey,other,0.9260089993476868
bird_to_dog_17,bird_to_dog,bird,dog,clip_vit_b_32,zero_shot,bird,shape,0.9943833351135254
bird_to_dog_18,bird_to_dog,bird,dog,clip_vit_b_32,zero_shot,monkey,other,0.5401264429092407
bird_to_dog_19,bird_to_dog,bird,dog,clip_vit_b_32,zero_shot,bird,shape,0.664302408695221
bird_to_dog_20,bird_to_dog,bird,dog,clip_vit_b_32,zero_shot,dog,texture,0.6262987852096558
bird_to_dog_21,bird_to_dog,bird,dog,clip_vit_b_32,zero_shot,monkey,other,0.4512479901313782
bird_to_dog_22,bird_to_dog,bird,dog,clip_vit_b_32,zero_shot,bird,shape,0.9130731225013733
bird_to_dog_23,bird_to_dog,bird,dog,clip_vit_b_32,zero_shot,bird,shape,0.8551715016365051
bird_to_dog_24,bird_to_dog,bird,dog,clip_vit_b_32,zero_shot,bird,shape,0.914291501045227
dog_to_bird_00,dog_to_bird,dog,bird,clip_vit_b_32,zero_shot,dog,shape,0.9385892152786255
dog_to_bird_01,dog_to_bird,dog,bird,clip_vit_b_32,zero_shot,dog,shape,0.9840214848518372
dog_to_bird_02,dog_to_bird,dog,bird,clip_vit_b_32,zero_shot,cat,other,0.4058760404586792
dog_to_bird_03,dog_to_bird,dog,bird,clip_vit_b_32,zero_shot,dog,shape,0.958742082118988
dog_to_bird_05,dog_to_bird,dog,bird,clip_vit_b_32,zero_shot,dog,shape,0.9330964684486389
dog_to_bird_06,dog_to_bird,dog,bird,clip_vit_b_32,zero_shot,dog,shape,0.8080702424049377
dog_to_bird_07,dog_to_bird,dog,bird,clip_vit_b_32,zero_shot,dog,shape,0.8411741852760315
dog_to_bird_08,dog_to_bird,dog,bird,clip_vit_b_32,zero_shot,dog,shape,0.9597912430763245
dog_to_bird_10,dog_to_bird,dog,bird,clip_vit_b_32,zero_shot,dog,shape,0.9805898666381836
dog_to_bird_12,dog_to_bird,dog,bird,clip_vit_b_32,zero_shot,dog,shape,0.7777417302131653
dog_to_bird_13,dog_to_bird,dog,bird,clip_vit_b_32,zero_shot,monkey,other,0.9901453256607056
dog_to_bird_14,dog_to_bird,dog,bird,clip_vit_b_32,zero_shot,deer,other,0.976533830165863
dog_to_bird_15,dog_to_bird,dog,bird,clip_vit_b_32,zero_shot,dog,shape,0.8455005884170532
dog_to_bird_16,dog_to_bird,dog,bird,clip_vit_b_32,zero_shot,dog,shape,0.7414879202842712
dog_to_bird_17,dog_to_bird,dog,bird,clip_vit_b_32,zero_shot,dog,shape,0.783518373966217
dog_to_bird_18,dog_to_bird,dog,bird,clip_vit_b_32,zero_shot,dog,shape,0.9229791760444641
dog_to_bird_19,dog_to_bird,dog,bird,clip_vit_b_32,zero_shot,dog,shape,0.7667195200920105
dog_to_bird_21,dog_to_bird,dog,bird,clip_vit_b_32,zero_shot,dog,shape,0.9828863739967346
dog_to_bird_22,dog_to_bird,dog,bird,clip_vit_b_32,zero_shot,dog,shape,0.9720515012741089
dog_to_bird_23,dog_to_bird,dog,bird,clip_vit_b_32,zero_shot,monkey,other,0.6674547791481018
